全国地方公共団体コード,ID,地方公共団体名,名称,名称_カナ,名称_英字,所在地_全国地方公共団体コード,町字ID,所在地_連結表記,所在地_都道府県,所在地_市区町村,所在地_町字,所在地_番地以下,建物名等(方書),緯度,経度,高度の種別,高度の値,設置位置,電話番号,内線番号,連絡先メールアドレス,連絡先FormURL,連絡先備考（その他、SNSなど）,郵便番号,法人番号,団体名,利用可能曜日,開始時間,終了時間,利用可能日時特記事項,小児対応設備の有無,URL,画像1,画像1_ライセンス,画像2,画像2_ライセンス,外部利用不可,備考
332071,0000000001,岡山県井原市,井原市役所,,,332071,,岡山県井原市井原町311-1,岡山県,井原市,井原町,311-1,,34.597660,133.463658,,,市役所1階市民サロン,,,,,,,,,月火水木金土日,00:00,24:00,,,,,,,,,
332071,0000000002,岡山県井原市,井原市民会館,,,332071,,岡山県井原市井原町311-1,岡山県,井原市,井原町,311-1,,34.598137,133.464600,,,会館内事務所,,,,,,,,,月火木金土日,08:30,17:15,年末年始12月28日から1月4日まで休業。行事によっては22時まで使用可,,,,,,,,
332071,0000000003,岡山県井原市,井原保健センター,,,332071,,岡山県井原市上出部町658-2,岡山県,井原市,上出部町,658-2,,34.592361,133.466705,,,1階エレベーター手前,,,,,,,,,月火水木金,08:30,17:15,年末年始12月29日から1月3日まで休業,,,,,,,,
332071,0000000004,岡山県井原市,いばらサンサン交流館,,,332071,,岡山県井原市井原町3616,岡山県,井原市,井原町,3616,,34.607287,133.461603,,,1階事務所内,,,,,,,,,火水木金土日,09:00,21:00,日曜日のみ開館時間 09:00〜17:00、年末年始12月28日から1月4日まで休業,,,,,,,,
332071,0000000005,岡山県井原市,生涯学習施設「アクティブライフ井原」,,,332071,,岡山県井原市七日市町12-1,岡山県,井原市,七日市町,12-1,,34.595725,133.468067,,,1階事務所内,,,,,,,,,火水木金土日,09:00,21:00,毎週日曜日は17時閉館、年末年始12月28日から1月4日まで休館、火曜日から金曜日にあたる祝日は休館、その他数日臨時休館あり,,,,,,,,
332071,0000000006,岡山県井原市,井原体育館,,,332071,,岡山県井原市上出部町1671-1,岡山県,井原市,上出部町,1671-1,,34.588464,133.462689,,,事務室,,,,,,,,,火水木金土日,08:30,21:00,年末年始12月28日から1月3日まで休業,,,,,,,,
332071,0000000007,岡山県井原市,B&G井原海洋センター,,,332071,,岡山県井原市上出部町1583-1,岡山県,井原市,上出部町,1583-1,,34.589645,133.463454,,,海洋センター事務室,,,,,,,,,火水木金土日,09:30,21:00,祝日の翌日、年末年始の12月28日から1月4日まで休業,,,,,,,,
332071,0000000008,岡山県井原市,西江原幼児園,,,332071,,岡山県井原市西江原町1414,岡山県,井原市,西江原町,1414,,34.600393,133.486184,,,職員室複写機横の棚,,,,,,,,,月火水木金土,07:30,18:30,年末年始12月29日から1月3日まで休業,,,,,,,,
332071,0000000009,岡山県井原市,高屋小学校,,,332071,,岡山県井原市高屋町1998,岡山県,井原市,高屋町,1998,,34.587769,133.428587,,,職員室,,,,,,,,,月火水木金土日,00:00,24:00,,,,,,,,,
332071,0000000010,岡山県井原市,大江小学校,,,332071,,岡山県井原市大江町2886,岡山県,井原市,大江町,2886,,34.570834,133.441896,,,南校舎1階保健室,,,,,,,,,月火水木金,08:15,16:45,,,,,,,,,
332071,0000000011,岡山県井原市,稲倉小学校,,,332071,,岡山県井原市下稲木町888,岡山県,井原市,下稲木町,888,,34.568811,133.464311,,,職員室窓際の棚の上,,,,,,,,,月火水木金,08:15,16:45,,,,,,,,,
332071,0000000012,岡山県井原市,県主小学校,,,332071,,岡山県井原市門田町649-1,岡山県,井原市,門田町,649-1,,34.570689,133.486663,,,職員室の扉横の棚の上,,,,,,,,,月火水木金,08:15,16:45,年末年始休業日、夏季休業中の閉庁日を除く日,,,,,,,,外部の使用を条件付で認める。条件: 学校が開いている時間に限ります。職員に声をかけてください。
332071,0000000013,岡山県井原市,木之子小学校,,,332071,,岡山県井原市木之子町2946,岡山県,井原市,木之子町,2946,,34.590828,133.500348,,,職員室内,,,,,,,,,月火水木金,08:15,16:45,原則として、年末年始12月28から1月3日まで、及び8月10日から8月16日まで休業。,,,,,,,,
332071,0000000014,岡山県井原市,荏原小学校,,,332071,,岡山県井原市東江原町2584,岡山県,井原市,東江原町,2584,,34.602328,133.512399,,,職員室内,,,,,,,,,月火水木金,08:15,16:45,学校が休業日の日は、施錠されている。,,,,,,,,
332071,0000000015,岡山県井原市,西江原小学校,,,332071,,岡山県井原市西江原町567-1,岡山県,井原市,西江原町,567-1,,34.600172,133.487075,,,本校舎1階　職員室入口,,,,,,,,,月火水木金,08:15,16:45,夏季閉庁日8月12日～8月15日まで閉庁　年末年始12月29日～1月3日まで閉庁,,,,,,,,
332071,0000000016,岡山県井原市,野上小学校,,,332071,,岡山県井原市野上町3201,岡山県,井原市,野上町,3201,,34.641865,133.500049,,,下校舎2階保健室,,,,,,,,,月火水木金,08:15,16:45,夏季8月10日から8月16日、年末年始12月28日から1月3日まで休業。学校行事等で振替休業日を設定することがある,,,,,,,,
332071,0000000017,岡山県井原市,青野小学校,,,332071,,岡山県井原市青野町2507-1,岡山県,井原市,青野町,2507-1,,34.626306,133.470601,,,本館1階　放送室,,,,,,,,,月火水木金,08:15,16:45,夏期8月10日から16日まで休業、年末年始12月28日から1月3日まで休業,,,,,,,,
332071,0000000018,岡山県井原市,井原小学校,,,332071,,岡山県井原市井原町1113-1,岡山県,井原市,井原町,1113-1,,34.603566,133.461880,,,職員室入り口,,,,,,,,,月火水木金,08:15,16:45,夏季休業日8月9日から8月17日、年末年始12月30日から1月4日,,,,,,,,
332071,0000000019,岡山県井原市,出部小学校,,,332071,,岡山県井原市上出部町235-1,岡山県,井原市,上出部町,235-1,,34.593239,133.458846,,,職員室西入口,,,,,,,,,月火水木金土日,00:00,24:00,,,,,,,,,
332071,0000000020,岡山県井原市,高屋中学校,,,332071,,岡山県井原市高屋町2-9-1,岡山県,井原市,高屋町,2-9-1,,34.579218,133.430064,,,職員室,,,,,,,,,月火水木金,08:15,16:45,夏期・年末年始に学校閉庁日があります。,,,,,,,,外部の使用を条件付で認める。条件: 学校の授業日で教職員が対応可能な勤務時間内に限る。
332071,0000000021,岡山県井原市,木之子中学校,,,332071,,岡山県井原市木之子町2957-1,岡山県,井原市,木之子町,2957-1,,34.590227,133.500961,,,職員室内南側中央,,,,,,,,,月火水木金,08:15,16:45,年末年始12月28日～1月3日まで休業,,,,,,,,
332071,0000000022,岡山県井原市,井原中学校,,,332071,,岡山県井原市西江原町2000,岡山県,井原市,西江原町,2000,,34.603786,133.471008,,,,,,,,,,,,月火水木金,08:00,18:00,年末年始12月28日から1月3日まで休業。8月10日から8月16日まで閉庁日,,,,,,,,
332071,0000000024,岡山県井原市,木之子幼稚園,,,332071,,岡山県井原市木之子町3047-1,岡山県,井原市,木之子町,3047-1,,34.587916,133.498618,,,職員室入口付近窓際,,,,,,,,,月火水木金,08:00,18:00,8月13日から8月15日、12月29日から1月3日まで休業。土曜日に保育（運動会等）を行った場合、月曜日が振替休業日になる場合が年に数回ある。,,,,,,,,
332071,0000000025,岡山県井原市,高屋幼稚園,,,332071,,岡山県井原市高屋町1417,岡山県,井原市,高屋町,1417,,34.585078,133.430886,,,職員室,,,,,,,,,月火水木金,08:00,17:00,8月13日から8月15日、12月28日から1月3日まで休業,,,,,,,,
332071,0000000026,岡山県井原市,大江幼稚園,,,332071,,岡山県井原市大江町2953,岡山県,井原市,大江町,2953,,34.572216,133.441861,,,,,,,,,,,,月火水木金,07:30,18:00,,,,,,,,,
332071,0000000027,岡山県井原市,医療法人社団和洋会　川上歯科医院,,,332071,,岡山県井原市西方町1444-1,岡山県,井原市,西方町,1444-1,,34.578582,133.481265,,,診療室,,,,,,,,,月火水木金土日,00:00,24:00,,,,,,,,,
332071,0000000033,岡山県井原市,養護老人ホーム 偕楽園,,,332071,,岡山県井原市上出部町四季が丘20-5,岡山県,井原市,上出部町四季が丘,20-5,,34.585495,133.467568,,,1階事務室内,,,,,,,,,,08:00,17:30,,,,,,,,,
332071,0000000038,岡山県井原市,大興産業株式会社,,,332071,,岡山県井原市西江原町1858-3,岡山県,井原市,西江原町,1858-3,,34.599167,133.473448,,,事務所棟玄関,,,,,,,,,月火水木金,08:00,17:00,休業日あり（4月29日～5月5日、8月11日～16日、12月29日～1月3日、その他）,,,,,,,,
332071,0000000039,岡山県井原市,高屋公民館,,,332071,,岡山県井原市高屋町4-25-2,岡山県,井原市,高屋町,4-25-2,,34.580351,133.436443,,,事務室前入口付近,,,,,,,,,,08:30,17:30,年末年始休業（12/29〜1/3）,,,,,,,,外部の使用を条件付で認める。条件: 開館時間内に限ります。職員に声をかけてください。
332071,0000000040,岡山県井原市,大江公民館,,,332071,,岡山県井原市大江町2965-3,岡山県,井原市,大江町,2965-3,,34.573068,133.441401,,,事務室前受付台,,,,,,,,,火水金土,09:00,17:00,盆休業（8/13〜8/15）、年末年始休業（12/29〜1/4）,,,,,,,,外部の使用を条件付で認める。条件: 開館時間内に限ります。職員に声をかけてください。
332071,0000000041,岡山県井原市,稲倉公民館,,,332071,,岡山県井原市下稲木町912-3,岡山県,井原市,下稲木町,912-3,,34.567930,133.464097,,,風除室,,,,,,,,,火水金土,09:00,17:00,年末年始休業（12/29〜1/3）,,,,,,,,外部の使用を条件付で認める。条件: 開館時間内に限ります。職員に声をかけてください。
332071,0000000042,岡山県井原市,県主公民館,,,332071,,岡山県井原市門田町745-1,岡山県,井原市,門田町,745-1,,34.571067,133.486925,,,玄関横（屋外）,,,,,,,,,月火水木金土日,00:00,24:00,,,,,,,,,
332071,0000000043,岡山県井原市,木之子公民館,,,332071,,岡山県井原市木之子町618,岡山県,井原市,木之子町,618,,34.589853,133.495895,,,廊下,,,,,,,,,火水木金土,09:00,17:00,年末年始休業（12/29〜1/3）,,,,,,,,外部の使用を条件付で認める。条件: 開館時間内に限ります。職員に声をかけてください。
332071,0000000044,岡山県井原市,荏原公民館,,,332071,,岡山県井原市東江原町2803-1,岡山県,井原市,東江原町,2803-1,,34.601395,133.511380,,,玄関横（屋外）,,,,,,,,,月火水木金土日,00:00,24:00,,,,,,,,,
332071,0000000045,岡山県井原市,西江原公民館,,,332071,,岡山県井原市西江原町1414,岡山県,井原市,西江原町,1414,,34.600474,133.486432,,,入口付近,,,,,,,,,火水木金土,09:00,17:00,年末年始休業（12/29〜1/3）,,,,,,,,外部の使用を条件付で認める。条件: 開館時間内に限ります。職員に声をかけてください。
332071,0000000046,岡山県井原市,野上公民館,,,332071,,岡山県井原市野上町3107-4,岡山県,井原市,野上町,3107-4,,34.642743,133.500967,,,事務所内,,,,,,,,,火水木金,08:30,17:30,年末年始休業（12/29〜1/3）,,,,,,,,外部の使用を条件付で認める。条件: 開館時間内に限ります。職員に声をかけてください。
332071,0000000047,岡山県井原市,青野公民館,,,332071,,岡山県井原市青野町3393,岡山県,井原市,青野町,3393,,34.624793,133.470751,,,玄関靴箱上,,,,,,,,,火水木金,08:30,17:30,年末年始休業（12/29〜1/3）,,,,,,,,外部の使用を条件付で認める。条件: 開館時間内に限ります。職員に声をかけてください。
332071,0000000048,岡山県井原市,井原公民館,,,332071,,岡山県井原市井原町1243-1,岡山県,井原市,井原町,1243-1,,34.603993,133.460265,,,玄関ロビー,,,,,,,,,火水木金土,09:00,17:15,年末年始休業（12/29〜1/4）,,,,,,,,外部の使用を条件付で認める。条件: 開館時間内に限ります。職員に声をかけてください。
332071,0000000049,岡山県井原市,出部公民館,,,332071,,岡山県井原市上出部町1219-2,岡山県,井原市,上出部町,1219-2,,34.591342,133.459470,,,事務所内,,,,,,,,,月火水木金,09:00,18:00,年末年始休業（12/29〜1/3）,,,,,,,,外部の使用を条件付で認める。条件: 開館時間内に限ります。職員に声をかけてください。
332071,0000000052,岡山県井原市,井原市グラウンド・ゴルフ場,,,332071,,岡山県井原市上出部町四季が丘20-2,岡山県,井原市,上出部町四季が丘,20-2,,34.585123,133.466168,,,事務室,,,,,,,,,火水木金土日,09:00,17:00,月曜日が祝日の場合はその翌日が休館、年末年始（12月28日～1月4日）休館,,,,,,,,外部の使用を条件付で認める。条件: 開館時間のみ
332071,0000000054,岡山県井原市,井原市地場産業振興センター,,,332071,,岡山県井原市七日市町10,岡山県,井原市,七日市町,10,,34.596086,133.467942,,,施設ロビー内,,,,,,,,,月火水木金,08:30,17:15,年末年始12月29日から1月3日まで休業,,,,,,,,
332071,0000000056,岡山県井原市,井原市ふれあいセンター,,,332071,,岡山県井原市神代町2192-1,岡山県,井原市,神代町,2192-1,,34.600866,133.522118,,,事務室,,,,,,,,,月火水木金土,09:00,17:30,年末年始休業（12/28〜1/4）,,,,,,,,外部の使用を条件付で認める。条件: 開館時間内に限ります。職員に声をかけてください。
332071,0000000057,岡山県井原市,井原バスセンター,,,332071,,岡山県井原市井原町700-1,岡山県,井原市,井原町,700-1,,34.601411,133.465369,,,井原バスセンター1階　乗車券発売所カウンター,,,,,,,,,月火水木金土日,07:00,20:00,盆・年末年始期間は臨時ダイヤにて運行するため「使用可能時間帯」を変更する可能性があります。,,,,,,,,
332071,0000000058,岡山県井原市,井原リフレッシュ公園,,,332071,,岡山県井原市大江町1419-2,岡山県,井原市,大江町,1419-2,,34.580505,133.445576,,,井原リフレッシュ公園管理棟,,,,,,,,,月火水木金土日,00:00,24:00,常時施錠しているため、貸館可能な時間のみ利用可能,,,,,,,,外部の使用を条件付で認める。条件: 開館時間のみ
332071,0000000059,岡山県井原市,井原図書館,,,332071,,岡山県井原市井原町1260-1,岡山県,井原市,井原町,1260-1,,34.605025,133.461484,,,1階カウンター,,,,,,,,,火水木金土日,10:00,18:00,休館日　月曜日、火曜日〜金曜日までの国民の祝日、年末年始（12月28日〜1月4日）、蔵書点検期間（年1回）,,,,,,,,
332071,0000000061,岡山県井原市,井原市やすらぎセンター,,,332071,,岡山県井原市西江原町2936-1,岡山県,井原市,西江原町,2936-1,,34.601980,133.482905,,,センター内,,,,,,,,,月火水木金土,08:00,17:15,使用可能時間外でも館内に職員がいる場合は使用可能です。,,,,,,,,
332071,0000000062,岡山県井原市,芳井健康増進福祉施設,,,332071,,岡山県井原市芳井町吉井3996,岡山県,井原市,芳井町吉井,3996,,34.624543,133.433245,,,施設1階受付カウンター,,,,,,,,,月火水木土日,10:00,22:00,年末年始12月29日から1月3日まで休業,,,,,,,,
332071,0000000063,岡山県井原市,芳井小学校,,,332071,,岡山県井原市芳井町吉井4114-1,岡山県,井原市,芳井町吉井,4114-1,,34.628331,133.433012,,,職員室,,,,,,,,,月火水木金,08:15,16:45,,,,,,,,,
332071,0000000064,岡山県井原市,芳井中学校,,,332071,,岡山県井原市芳井町吉井4052,岡山県,井原市,芳井町吉井,4052,,34.627243,133.432718,,,職員室,,,,,,,,,月火水木金,08:00,17:00,年末年始12月28日から1月3日まで休業,,,,,,,,
332071,0000000065,岡山県井原市,芳井保育園,,,332071,,岡山県井原市芳井町吉井3670,岡山県,井原市,芳井町吉井,3670,,34.624070,133.426000,,,職員室,,,,,,,,,月火水木金土日,00:00,24:00,,,,,,,,,
332071,0000000068,岡山県井原市,芳井公民館,,,332071,,岡山県井原市芳井町吉井4103-2,岡山県,井原市,芳井町吉井,4103-2,,34.629105,133.432871,,,老人福祉センター1階事務所内,,,,,,,,,月火水木金,09:00,17:00,年末年始は12月28日から1月4日まで休館,,,,,,,,
332071,0000000070,岡山県井原市,芳井公民館　明治分館,,,332071,,岡山県井原市芳井町種603-3,岡山県,井原市,芳井町種,603-3,,34.671252,133.455076,,,事務所内,,,,,,,,,,,,分館利用者が使用する目的で設置しているため、分館利用時のみ使用可能,,,,,,,,
332071,0000000071,岡山県井原市,芳井公民館　共和分館,,,332071,,岡山県井原市芳井町下鴫2546,岡山県,井原市,芳井町下鴫,2546,,34.686093,133.407272,,,事務所内,,,,,,,,,,,,分館利用者が使用する目的で設置しているため、分館利用時のみ使用可能,,,,,,,,
332071,0000000072,岡山県井原市,芳井公民館　三原分館,,,332071,,岡山県井原市芳井町西三原1299-1,岡山県,井原市,芳井町西三原,1299-1,,34.717337,133.392989,,,玄関,,,,,,,,,,,,分館利用者が使用する目的で設置しているため、分館利用時のみ使用可能,,,,,,,,
332071,0000000073,岡山県井原市,芳井支所,,,332071,,岡山県井原市芳井町吉井253-1,岡山県,井原市,芳井町吉井,253-1,,34.632495,133.432415,,,井原市芳井支所庁舎1階ロビー,,,,,,,,,月火水木金,08:30,17:15,年末年始12月29日から1月3日まで休業,,,,,,,,
332071,0000000074,岡山県井原市,B&G美星海洋センター,,,332071,,岡山県井原市美星町星田2-14,岡山県,井原市,美星町星田,2-14,,34.675926,133.526840,,,事務所,,,,,,,,,火水木金土日,09:00,17:00,月曜日が祝日の場合はその翌日が休館・年末年始　12月28日から1月4日まで休館,,,,,,,,外部の使用を条件付で認める。条件: 開館時間のみ
332071,0000000075,岡山県井原市,美星小学校,,,332071,,岡山県井原市美星町西水砂20,岡山県,井原市,美星町西水砂,20,,34.672230,133.532923,,,職員室南側出入口（室内）,,,,,,,,,月火水木金,08:15,16:45,年末年始12月28日から1月3日まで閉庁,,,,,,,,
332071,0000000076,岡山県井原市,美星中学校,,,332071,,岡山県井原市美星町星田1,岡山県,井原市,美星町星田,1,,34.676972,133.529328,,,正面玄関を入って右手（保健室前）,,,,,,,,,月火水木金,08:15,16:45,年末年始12月28日から1月3日まで閉庁,,,,,,,,
332071,0000000077,岡山県井原市,美星天文台,,,332071,,岡山県井原市美星町大倉1723-70,岡山県,井原市,美星町大倉,1723-70,,34.671976,133.545384,,,美星天文台玄関,,,,,,,,,月火水金土日,09:30,22:00,年末年始12月28日から1月3日まで休業　　祝日の翌日は休業。天文台の開館時間内のため金土日月は13:30〜22:00,,,,,,,,
332071,0000000078,岡山県井原市,美星公民館,,,332071,,岡山県井原市美星町三山1043-1,岡山県,井原市,美星町三山,1043-1,,34.683138,133.542041,,,1階事務所内,,,,,,,,,火水木金土日,08:30,21:30,毎週土・日曜日は17時15分閉館、年末年始12月28日から1月4日まで休館、火曜日から金曜日にあたる祝日は休館、その他数日臨時休館あり,,,,,,,,
332071,0000000079,岡山県井原市,井原市役所美星支所,,,332071,,岡山県井原市美星町三山1055,岡山県,井原市,美星町三山,1055,,34.683904,133.542799,,,1階ロビー,,,,,,,,,,08:30,17:15,,,,,,,,,
332071,0000000080,岡山県井原市,星の郷ふれあいセンター,,,332071,,岡山県井原市美星町星田2-10,岡山県,井原市,美星町星田,2-10,,34.675927,133.530151,,,1階事務所内,,,,,,,,,月火水木金土日,00:00,24:00,当施設は管理者が常駐しておらず、利用があるときや設備の点検・清掃のとき以外は施錠している。 当施設のAEDは施設利用者がいるときのみ、保管場所から出して使用可能な状態にしている。,,,,,,,,
332071,0000000081,岡山県井原市,特別養護老人ホーム　星の郷,,,332071,,岡山県井原市美星町大倉2466,岡山県,井原市,美星町大倉,2466,,34.674137,133.532523,,,医務室,,,,,,,,,,08:00,20:00,,,,,,,,,
332071,0000000082,岡山県井原市,木之子中学校,,,332071,,岡山県井原市木之子町2957-1,岡山県,井原市,木之子町,2957-1,,34.589284,133.501871,,,体育館入り口,,,,,,,,,月火水木金,08:15,16:45,年末年始12月28日～1月3日まで休業,,,,,,,,
332071,0000000083,岡山県井原市,井原市地域包括支援センター,,,332071,,岡山県井原市井原町311-1,岡山県,井原市,井原町,311-1,,34.598177,133.464332,,,井原市役所2階介護保険課地域包括支援センター,,,,,,,,,月火水木金,08:30,17:15,年末年始12月28日から1月3日まで休業。地域包括支援センター体操事業等で使用,,,,,,,外部利用不可,
332071,0000000084,岡山県井原市,井原浄化センター,,,332071,,岡山県井原市七日市町4346-1,岡山県,井原市,七日市町,4346-1,,34.595868,133.486827,,,管理棟1階事務室前,,,,,,,,,月火水木金,08:00,17:00,年末年始（12月29日〜1月3日）休業,,,,,,,,
332071,0000000085,岡山県井原市,経ヶ丸オートキャンプ場,,,332071,,岡山県井原市笹賀町1668-1,岡山県,井原市,笹賀町,1668-1,,34.593415,133.438983,,,経ヶ丸オートキャンプ場管理棟受付,,,,,,,,,月火水木金土日,00:00,24:00,お客様の宿泊の有無により、使用可能日時・時間帯の変動があります。,,,,,,,,
332071,0000000086,岡山県井原市,井原体育館,,,332071,,岡山県井原市上出部町1671-1,岡山県,井原市,上出部町,1671-1,,34.588495,133.462569,,,ロビー,,,,,,,,,火水木金土日,09:00,21:00,月曜日が祝日の場合はその翌日が休館、年末年始12月28日から1月4日まで休館,,,,,,,,外部の使用を条件付で認める。条件: 開館時間のみ
332071,0000000087,岡山県井原市,西部いこいの里,,,332071,,岡山県井原市高屋町4-25-2,岡山県,井原市,高屋町,4-25-2,,34.580347,133.436717,,,3階非常階段踊場,,,,,,,,,月火水木金土日,00:00,24:00,,,,,,,,,
332071,0000000088,岡山県井原市,スーパードラッグひまわり井原店,,,332071,,岡山県井原市下出部町1-32-2,岡山県,井原市,下出部町,1-32-2,,34.586463,133.443189,,,店内,,,,,,,,,,09:00,24:00,,,,,,,,,
332071,0000000089,岡山県井原市,井原警察署,,,332071,,岡山県井原市西江原町859-1,岡山県,井原市,西江原町,859-1,,34.597752,133.484572,,,1階,,,,,,,,,月火水木金土日,00:00,24:00,,,,,,,,,外部の使用を条件付で認める。条件: 施設職員に声を掛けて職員が使用する。
332071,0000000090,岡山県井原市,社会福祉法人こだま園　こだま園こころ与井,,,332071,,岡山県井原市芳井町与井500,岡山県,井原市,芳井町与井,500,,34.626637,133.441612,,,事務所出入口付近,,,,,,,,,月火水木金,08:30,17:20,年末年始12月28日から1月3日まで休業。土曜日は月に2回程度、開所,,,,,,,,
332071,0000000091,岡山県井原市,井原駅ビル,,,332071,,岡山県井原市七日市町944-5,岡山県,井原市,七日市町,944-5,,34.592974,133.469056,,,井原駅ビル1階　階段前,,,,,,,,,,08:00,20:00,,,,,,,,,
332071,0000000092,岡山県井原市,タカヤ商事株式会社　高屋工場,,,332071,,岡山県井原市高屋町3-17-3,岡山県,井原市,高屋町,3-17-3,,34.580225,133.432147,,,玄関入ってすぐの受付,,,,,,,,,月火水木金,09:00,17:30,年末年始及び夏季休暇あり,,,,,,,,外部の使用を条件付で認める。条件: 社員に声をかけてください。
332071,0000000093,岡山県井原市,ダイレックス井原店,,,332071,,岡山県井原市井原町108-1,岡山県,井原市,井原町,108-1,,34.596277,133.465838,,,レジカウンター壁面,,,,,,,,,,10:00,21:00,1月1日、2日以外,,,,,,,,
