全国地方公共団体コード,ID,地方公共団体名,名称,名称_カナ,名称_英字,所在地_全国地方公共団体コード,町字ID,所在地_連結表記,所在地_都道府県,所在地_市区町村,所在地_町字,所在地_番地以下,建物名等(方書),緯度,経度,高度の種別,高度の値,設置位置,電話番号,内線番号,連絡先メールアドレス,連絡先FormURL,連絡先備考（その他、SNSなど）,郵便番号,法人番号,団体名,利用可能曜日,開始時間,終了時間,利用可能日時特記事項,小児対応設備の有無,URL,画像1,画像1_ライセンス,画像2,画像2_ライセンス,外部利用不可,備考,市民(外部の方)の使用する条件
332020,1,岡山県倉敷市,市役所（本庁舎）,シヤクショホンチョウシャ,,332020,,岡山県倉敷市西中新田640,岡山県,倉敷市,西中新田,640,,34.584843,133.772103,,,1階国民健康保険課前,(086)426-3121,,,,,,,,,,,年末年始（12月29日から1月3日まで）休業;毎週木曜日19時まで延長,,,,,,,,倉敷地区,
332020,2,岡山県倉敷市,倉敷市児島支所,クラシキシコジマシショ,,332020,,岡山県倉敷市児島小川町3681-3,岡山県,倉敷市,児島小川町,3681-3,,34.467150,133.813769,,,1階市民ホール,(086)473-1111,,,,,,,,,,,年末年始（12月29日から1月3日まで）休業;毎週木曜19:00まで延長,,,,,,,,児島地区,
332020,3,岡山県倉敷市,倉敷市玉島支所,クラシキシタマシマシショ,,332020,,岡山県倉敷市玉島阿賀崎1-1-1,岡山県,倉敷市,玉島阿賀崎,1-1-1,,34.547778,133.673821,,,低層棟1階玄関ホール,(086)522-8111,,,,,,,,,,,年末年始（12月29日から1月3日まで）休業;毎週木曜日19時まで延長,,,,,,,,玉島地区,
332020,4,岡山県倉敷市,倉敷市水島支所,クラシキシミズシマシショ,,332020,,岡山県倉敷市水島北幸町1-1,岡山県,倉敷市,水島北幸町,1-1,,34.539685,133.741536,,,1階正面玄関入り口内,(086)446-1111,,,,,,,,,,,年末年始12月29日から1月3日まで休業;毎週木曜日19時まで延長,,,,,,,,水島地区,
332020,5,岡山県倉敷市,倉敷市庄支所,クラシキシショウシショ,,332020,,岡山県倉敷市上東756,岡山県,倉敷市,上東,756,,34.643893,133.827577,,,受付カウンター,(086)462-1212,,,,,,,,,,,年末年始（12月29日から1月3日まで）休業;毎週木曜日19時まで延長,,,,,,,,庄地区,
332020,6,岡山県倉敷市,倉敷市茶屋町支所,クラシキシチャヤマチシショ,,332020,,岡山県倉敷市茶屋町2087,岡山県,倉敷市,茶屋町,2087,,34.581234,133.822593,,,1階市民係,(086)428-0001,,,,,,,,,,,年末年始（12月29日から1月3日まで）休業;毎週木曜日19時まで延長,,,,,,,,茶屋町地区,
332020,8,岡山県倉敷市,倉敷市真備支所,クラシキシマビシショ,,332020,,岡山県倉敷市真備町箭田1141-1,岡山県,倉敷市,真備町箭田,1141-1,,34.628904,133.692143,,,1階市民課窓口,(086)698-1111,,,,,,,,,,,年末年始（12月29日から1月3日まで）休業;毎週木曜日19時まで延長,,,,,,,,真備地区,
332020,9,岡山県倉敷市,倉敷市中央斎場,クラシキシチュウオウサイジョウ,,332020,,岡山県倉敷市福田町福田434-1,岡山県,倉敷市,福田町福田,434-1,,34.544606,133.784290,,,1階エントランス,(086)426-3361,,,,,,,,,,,毎月第2・4友引及び1月1日から3日まで休業,,,,,,,,水島地区,職員へ声をかけてください
332020,10,岡山県倉敷市,倉敷市玉島斎場,クラシキシタマシマサイジョウ,,332020,,岡山県倉敷市玉島長尾4110,岡山県,倉敷市,玉島長尾,4110,,34.580803,133.676068,,,事務所内,(086)426-3361,,,,,,,,,,,友引（毎月第4友引は除く）及び1月1日は休業,,,,,,,,玉島地区,職員へ声をかけてください
332020,11,岡山県倉敷市,倉敷市倉敷民主会館,クラシキシクラシキミンシュカイカン,,332020,,岡山県倉敷市宮前641,岡山県,倉敷市,宮前,641,,34.612588,133.761079,,,1階窓口,(086)423-0503,,,,,,,,,,,年末年始（12月29日から1月3日まで）休業,,,,,,,,倉敷地区,使用時間帯が開館時間帯と重なる場合のみ使用可
332020,12,岡山県倉敷市,倉敷市水島会館,クラシキミズシマカイカン,,332020,,岡山県倉敷市連島1-10-33,岡山県,倉敷市,連島,1-10-33,,34.544887,133.737657,,,1階廊下,(086)448-1020,,,,,,,,,,,年末年始（12月29日から1月3日まで）休業,,,,,,,,水島地区,使用時間帯が開館時間帯と重なる場合のみ使用可
332020,13,岡山県倉敷市,倉敷市児島民主会館,クラシキシコジマミンシュカイカン,,332020,,岡山県倉敷市林2062-5,岡山県,倉敷市,林,2062-5,,34.532417,133.811209,,,1階玄関,(086)485-3055,,,,,,,,,,,年末年始12月29日から1月3日まで休業,,,,,,,,児島地区,使用時間帯が開館時間帯と重なる場合のみ使用可
332020,14,岡山県倉敷市,倉敷市玉島池畝会館,クラシキシタマシマイケウネカイカン,,332020,,岡山県倉敷市玉島道口3877-11,岡山県,倉敷市,玉島道口,3877-11,,34.578175,133.647050,,,1階玄関,(086)526-3502,,,,,,,,,,,年末年始（12月29日から1月3日まで）休業,,,,,,,,玉島地区,使用時間帯が開館時間帯と重なる場合のみ使用可
332020,15,岡山県倉敷市,倉敷市真備人権ふれあい館,クラシキシマビジンケンフレアイカン,,332020,,岡山県倉敷市真備町箭田753-6,岡山県,倉敷市,真備町箭田,753-6,,34.631298,133.695436,,,1階玄関,(086)698-2350,,,,,,,,,,,年末年始（12月29日から1月3日まで）休業,,,,,,,,真備地区,使用時間帯が開館時間帯と重なる場合のみ使用可
332020,18,岡山県倉敷市,水島勤労福祉センター,ミズシマキンロウフクシセンター,,332020,,岡山県倉敷市水島明神町3-13,岡山県,倉敷市,水島明神町,3-13,,34.531236,133.731302,,,事務室内,(086)448-5371,,,,,,,,,,,日曜日・祝日は、8時から17時まで使用可能;祝日の翌日、12月28日〜1月4日は休業,,,,,,,,水島地区,
332020,20,岡山県倉敷市,倉敷市保健所,クラシキシホケンジョ,,332020,,岡山県倉敷市笹沖170,岡山県,倉敷市,笹沖,170,,34.572385,133.764942,,,1階ロビー,(086)434-9800,,,,,,,,,,,年末年始12月29日から1月3日まで休業,,,,,,,,倉敷地区,
332020,21,岡山県倉敷市,くらしき健康福祉プラザ_中央監視室,クラシキケンコウフクシプラザ_チュウオウカンシシツ,,332020,,岡山県倉敷市笹沖180,岡山県,倉敷市,笹沖,180,,34.572494,133.763913,,,中央監視室,(086)434-9850,,,,,,,,月火水木金土日,00:00,24:00,365日24時間使用可,,,,,,,,倉敷地区,
332020,22,岡山県倉敷市,ライフパーク倉敷,ライフパーククラシキ,,332020,,岡山県倉敷市福田町古新田940,岡山県,倉敷市,福田町古新田,940,,34.536082,133.769165,,,1階ロビー,(086)454-0011,,,,,,,,,,,日曜日・祝日以外は21時まで使用可能;年末年始12月28日〜1月4日休館日;月曜日が祝日の場合開館し翌日が休館,,,,,,,,水島地区,使用希望時間帯が開所時間帯と重なる場合のみ使用可
332020,23,岡山県倉敷市,倉敷市立美術館,クラシキシリツビジュツカン,,332020,,岡山県倉敷市中央2-6-1,岡山県,倉敷市,中央,2-6-1,,34.594728,133.768945,,,1階ロビー,(086)425-6034,,,,,,,,,,,月曜祝日は開館（翌火曜日休館）;年末年始12月28日〜1月4日休館;6月燻蒸期間（約1週間）休館,,,,,,,,倉敷地区,
332020,24,岡山県倉敷市,倉敷市立自然史博物館,クラシキシリツシゼンシハクブツカン,,332020,,岡山県倉敷市中央2-6-1,岡山県,倉敷市,中央,2-6-1,,34.595436,133.768625,,,1階観光休憩所内男女トイレそば,(086)425-6037,,,,,,,,,,,年末年始12月29日から1月3日まで休業（観光休憩所の休業日）;燻蒸と停電日は休館,,,,,,,,倉敷地区,
332020,25,岡山県倉敷市,倉敷市芸文館,クラシキシゲイブンカン,,332020,,岡山県倉敷市中央1-18-1,岡山県,倉敷市,中央,1-18-1,,34.593087,133.771034,,,1階事務室,(086)434-0400,,,,,,,,,,,年末年始12月29日から1月3日まで休業;水曜日が祝日の場合は開館とし、翌平日が閉館,,,,,,,,倉敷地区,
332020,26,岡山県倉敷市,倉敷市民会館,クラシキシミンカイカン,,332020,,岡山県倉敷市本町17-1,岡山県,倉敷市,本町,17-1,,34.596007,133.776088,,,1階事務室前（ロビー）,(086)425-1515,,,,,,,,,,,年末年始12月29日から1月3日まで休業;水曜日が祝日の場合は開館とし、翌平日が閉館,,,,,,,,倉敷地区,
332020,29,岡山県倉敷市,倉敷市玉島文化センター,クラシキシタマシマブンカセンター,,332020,,岡山県倉敷市玉島阿賀崎1-6-27,岡山県,倉敷市,玉島阿賀崎,1-6-27,,34.549667,133.675350,,,1階事務所,(086)525-2611,,,,,,,,,,,年末年始12月29日から1月3日まで休業;水曜日が祝日の場合は開館とし、翌平日が閉館,,,,,,,,玉島地区,
332020,31,岡山県倉敷市,倉敷公民館,クラシキコウミンカン,,332020,,岡山県倉敷市本町2-21,岡山県,倉敷市,本町,2-21,,34.596964,133.771709,,,1階ロビー,(086)423-2135,,,,,,,,,,,日曜日・祝日以外は21時まで使用可能;年末年始12月28日〜1月4日休館日;月曜日が祝日の場合開館し翌日が休館,,,,,,,,倉敷地区,使用希望時間帯が開館時間帯と重なる場合のみ使用可
332020,32,岡山県倉敷市,倉敷市児島公民館,クラシキシコジマコウミンカン,,332020,,岡山県倉敷市児島味野2-2-38,岡山県,倉敷市,児島味野,2-2-38,,34.468262,133.803566,,,1階事務所前,(086)472-7423,,,,,,,,,,,日曜日・祝日以外は21時まで使用可能;年末年始12月28日〜1月4日休館日;月曜日が祝日の場合開館し、翌日が休館,,,,,,,,児島地区,使用希望時間帯が開館時間帯と重なる場合のみ使用可
332020,33,岡山県倉敷市,倉敷市水島公民館,クラシキシミズシマコウミンカン,,332020,,岡山県倉敷市水島北幸町1-2,岡山県,倉敷市,水島北幸町,1-2,,34.540230,133.741616,,,玄関,(086)444-2541,,,,,,,,,,,日曜日・祝日以外は21時まで使用可能;年末年始12月28日〜1月4日休館日;月曜日が祝日の場合開館し翌日が休館,,,,,,,,水島地区,使用希望時間帯が開館時間帯と重なる場合のみ使用可
332020,34,岡山県倉敷市,倉敷市玉島公民館,クラシキシタマシマコウミンカン,,332020,,岡山県倉敷市玉島阿賀崎1-10-1,岡山県,倉敷市,玉島阿賀崎,1-10-1,,34.551200,133.676729,,,1階事務所前,(086)526-7625,,,,,,,,,,,日曜日・祝日以外は21時まで使用可能;年末年始12月28日〜1月4日休館日;月曜日が祝日の場合開館し翌日が休館,,,,,,,,玉島地区,使用希望時間帯が開館時間帯と重なる場合のみ使用可
332020,35,岡山県倉敷市,倉敷市倉敷東公民館,クラシキシクラシキヒガシコウミンカン,,332020,,岡山県倉敷市浜町2-2-30,岡山県,倉敷市,浜町,2-2-30,,34.606726,133.771787,,,1階ロビー,(086)425-7774,,,,,,,,,,,年末年始12月28日〜1月4日休館日;月曜日が祝日の場合翌日も休館,,,,,,,,倉敷地区,使用希望時間帯が開館時間帯と重なる場合のみ使用可
332020,36,岡山県倉敷市,倉敷市倉敷西公民館,クラシキシクラシキニシコウミンカン,,332020,,岡山県倉敷市八王寺町199-3,岡山県,倉敷市,八王寺町,199-3,,34.599094,133.752524,,,1階ロビー,(086)424-3610,,,,,,,,,,,年末年始12月28日〜1月4日休館日;月曜日が祝日の場合翌日も休館,,,,,,,,倉敷地区,使用希望時間帯が開館時間帯と重なる場合のみ使用可
332020,37,岡山県倉敷市,倉敷市倉敷南公民館,クラシキシクラシキミナミコウミンカン,,332020,,岡山県倉敷市沖新町68-1,岡山県,倉敷市,沖新町,68-1,,34.582713,133.753391,,,玄関,(086)426-0240,,,,,,,,,,,年末年始12月28日〜1月4日休館日;月曜日が祝日の場合翌日も休館,,,,,,,,倉敷地区,使用希望時間帯が開館時間帯と重なる場合のみ使用可
332020,38,岡山県倉敷市,倉敷市倉敷北公民館,クラシキシクラシキキタコウミンカン,,332020,,岡山県倉敷市中庄1895-1,岡山県,倉敷市,中庄,1895-1,,34.614343,133.796712,,,玄関,(086)462-3022,,,,,,,,,,,年末年始12月28日〜1月4日休館日;月曜日が祝日の場合翌日も休館,,,,,,,,倉敷地区,使用希望時間帯が開館時間帯と重なる場合のみ使用可
332020,39,岡山県倉敷市,倉敷市多津美公民館,クラシキシタツミコウミンカン,,332020,,岡山県倉敷市加須山503-7,岡山県,倉敷市,加須山,503-7,,34.586241,133.794685,,,玄関,(086)428-6541,,,,,,,,,,,年末年始12月28日〜1月4日休館日;月曜日が祝日の場合翌日も休館,,,,,,,,倉敷地区,使用希望時間帯が開館時間帯と重なる場合のみ使用可
332020,40,岡山県倉敷市,倉敷市新田公民館,クラシキシシンデンコウミンカン,,332020,,岡山県倉敷市新田2723-3,岡山県,倉敷市,新田,2723-3,,34.571738,133.779844,,,玄関,(086)427-6354,,,,,,,,,,,年末年始12月28日〜1月4日休館日;月曜日が祝日の場合翌日も休館,,,,,,,,倉敷地区,使用希望時間帯が開館時間帯と重なる場合のみ使用可
332020,41,岡山県倉敷市,倉敷市庄公民館,クラシキシショウコウミンカン,,332020,,岡山県倉敷市上東736-1,岡山県,倉敷市,上東,736-1,,34.644755,133.827401,,,玄関,(086)462-5151,,,,,,,,,,,年末年始12月28日〜1月4日休館日;月曜日が祝日の場合、翌日も休館,,,,,,,,庄地区,使用希望時間帯が開館時間帯と重なる場合のみ使用可
332020,42,岡山県倉敷市,倉敷市茶屋町公民館,クラシキシチャヤマチコウミンカン,,332020,,岡山県倉敷市茶屋町1604-4,岡山県,倉敷市,茶屋町,1604-4,,34.579616,133.828582,,,玄関,(086)428-1315,,,,,,,,,,,年末年始12月28日〜1月4日休館日;月曜日が祝日の場合、翌日も休館,,,,,,,,茶屋町地区,使用希望時間帯が開館時間帯と重なる場合のみ使用可
332020,43,岡山県倉敷市,倉敷市西阿知公民館,クラシキシニシアチコウミンカン,,332020,,岡山県倉敷市西阿知町1122-2,岡山県,倉敷市,西阿知町,1122-2,,34.587165,133.726562,,,1階ロビー,(086)465-0836,,,,,,,,,,,年末年始12月28日〜1月4日休館日;月曜日が祝日の場合翌日も休館,,,,,,,,倉敷地区,使用希望時間帯が開館時間帯と重なる場合のみ使用可
332020,44,岡山県倉敷市,倉敷市福田公民館,クラシキシフクダコウミンカン,,332020,,岡山県倉敷市福田町古新田274-21,岡山県,倉敷市,福田町古新田,274-21,,34.541813,133.759601,,,玄関,(086)454-0148,,,,,,,,,,,年末年始12月28日〜1月4日休館日;月曜日が祝日の場合翌日も休館,,,,,,,,水島地区,使用希望時間帯が開館時間帯と重なる場合のみ使用可
332020,45,岡山県倉敷市,倉敷市福田南公民館,クラシキシフクダミナミコウミンカン,,332020,,岡山県倉敷市東塚5-5-35,岡山県,倉敷市,東塚,5-5-35,,34.529893,133.764108,,,玄関,(086)456-2467,,,,,,,,,,,年末年始12月28日〜1月4日休館日;月曜日が祝日の場合翌日も休館,,,,,,,,水島地区,使用希望時間帯が開館時間帯と重なる場合のみ使用可
332020,46,岡山県倉敷市,倉敷市連島公民館,クラシキシツラジマコウミンカン,,332020,,岡山県倉敷市連島町西之浦497-1,岡山県,倉敷市,連島町西之浦,497-1,,34.548144,133.720948,,,玄関,(086)448-0655,,,,,,,,,,,年末年始12月28日〜1月4日休館日;月曜日が祝日の場合翌日も休館,,,,,,,,水島地区,使用希望時間帯が開館時間帯と重なる場合のみ使用可
332020,47,岡山県倉敷市,倉敷市連島南公民館,クラシキシツラジマミナミコウミンカン,,332020,,岡山県倉敷市連島町鶴新田980-1,岡山県,倉敷市,連島町鶴新田,980-1,,34.545254,133.715635,,,玄関,(086)448-9631,,,,,,,,,,,年末年始12月28日〜1月4日休館日;月曜日が祝日の場合翌日も休館,,,,,,,,水島地区,使用希望時間帯が開館時間帯と重なる場合のみ使用可
332020,48,岡山県倉敷市,倉敷市下津井公民館,クラシキシシモツイコウミンカン,,332020,,岡山県倉敷市下津井2-815-1,岡山県,倉敷市,下津井,2-815-1,,34.438973,133.792863,,,玄関,(086)479-8633,,,,,,,,,,,年末年始12月28日〜1月4日休館日;月曜日が祝日の場合、翌日も休館,,,,,,,,児島地区,使用希望時間帯が開館時間帯と重なる場合のみ使用可
332020,49,岡山県倉敷市,倉敷市本荘公民館,クラシキシホンジョウコウミンカン,,332020,,岡山県倉敷市児島塩生1959-3,岡山県,倉敷市,児島塩生,1959-3,,34.476811,133.770903,,,玄関,(086)475-2202,,,,,,,,,,,年末年始12月28日〜1月4日休館日;月曜日が祝日の場合、翌日も休館,,,,,,,,児島地区,使用希望時間帯が開館時間帯と重なる場合のみ使用可
332020,50,岡山県倉敷市,倉敷市琴浦公民館,クラシキシコトウラコウミンカン,,332020,,岡山県倉敷市児島下の町9-2-27,岡山県,倉敷市,児島下の町,9-2-27,,34.475041,133.827418,,,玄関,(086)473-0080,,,,,,,,,,,年末年始12月28日〜1月4日休館日;月曜日が祝日の場合、翌日も休館,,,,,,,,児島地区,使用希望時間帯が開館時間帯と重なる場合のみ使用可
332020,51,岡山県倉敷市,倉敷市唐琴公民館,クラシキシカラコトコウミンカン,,332020,,岡山県倉敷市児島唐琴4-5-20,岡山県,倉敷市,児島唐琴,4-5-20,,34.469342,133.861051,,,玄関,(086)477-7977,,,,,,,,,,,年末年始12月28日〜1月4日休館日;月曜日が祝日の場合、翌日も休館,,,,,,,,児島地区,使用希望時間帯が開館時間帯と重なる場合のみ使用可
332020,52,岡山県倉敷市,倉敷市郷内公民館,クラシキシゴウナイコウミンカン,,332020,,岡山県倉敷市林2008-1,岡山県,倉敷市,林,2008-1,,34.533453,133.814421,,,1階ロビー,(086)485-4164,,,,,,,,,,,年末年始12月28日〜1月4日休館日;月曜日が祝日の場合、翌日も休館,,,,,,,,児島地区,使用希望時間帯が開館時間帯と重なる場合のみ使用可
332020,53,岡山県倉敷市,倉敷市玉島東公民館,クラシキシタマシマヒガシコウミンカン,,332020,,岡山県倉敷市玉島乙島6897-2,岡山県,倉敷市,玉島乙島,6897-2,,34.537097,133.680642,,,玄関,(086)526-7726,,,,,,,,,,,年末年始12月28日〜1月4日休館日;月曜日が祝日の場合開館し翌日が休館,,,,,,,,玉島地区,使用希望時間帯が開館時間帯と重なる場合のみ使用可
332020,54,岡山県倉敷市,倉敷市玉島西公民館,クラシキシタマシマニシコウミンカン,,332020,,岡山県倉敷市玉島柏島7038-6,岡山県,倉敷市,玉島柏島,7038-6,,34.522582,133.663204,,,玄関,(086)528-2713,,,,,,,,,,,年末年始12月28日〜1月4日休館日;月曜日が祝日の場合翌日も休館,,,,,,,,玉島地区,使用希望時間帯が開館時間帯と重なる場合のみ使用可
332020,55,岡山県倉敷市,倉敷市玉島北公民館,クラシキシタマシマキタコウミンカン,,332020,,岡山県倉敷市玉島八島1773-10,岡山県,倉敷市,玉島八島,1773-10,,34.561220,133.656215,,,玄関,(086)526-5315,,,,,,,,,,,年末年始12月28日〜1月4日休館日;月曜日が祝日の場合翌日も休館,,,,,,,,玉島地区,使用希望時間帯が開館時間帯と重なる場合のみ使用可
332020,56,岡山県倉敷市,倉敷市玉島黒崎公民館,クラシキシタマシマクロサキコウミンカン,,332020,,岡山県倉敷市玉島黒崎5549-6,岡山県,倉敷市,玉島黒崎,5549-6,,34.503128,133.638065,,,玄関,(086)528-3143,,,,,,,,,,,年末年始12月28日〜1月4日休館日;月曜日が祝日の場合翌日も休館,,,,,,,,玉島地区,使用希望時間帯が開館時間帯と重なる場合のみ使用可
332020,57,岡山県倉敷市,倉敷市船穂公民館,クラシキシフナオコウミンカン,,332020,,岡山県倉敷市船穂町船穂1697,岡山県,倉敷市,船穂町船穂,1697,,34.584525,133.708685,,,1階ロビー,(086)552-2600,,,,,,,,,,,年末年始12月28日〜1月4日休館日;月曜日が祝日の場合翌日も休館,,,,,,,,船穂地区,使用希望時間帯が開館時間帯と重なる場合のみ使用可
332020,58,岡山県倉敷市,倉敷市真備公民館,クラシキシマビコウミンカン,,332020,,岡山県倉敷市真備町箭田1685,岡山県,倉敷市,真備町箭田,1685,,34.632002,133.689129,,,1階ロビー,(086)698-0042,,,,,,,,,,,年末年始12月28日〜1月4日休館日;月曜日が祝日の場合翌日も休館,,,,,,,,真備地区,使用希望時間帯が開館時間帯と重なる場合のみ使用可
332020,59,岡山県倉敷市,倉敷市児島公民館赤崎分館,クラシキシコジマコウミンカンアカサキブンカン,,332020,,岡山県倉敷市児島赤崎2-8-2,岡山県,倉敷市,児島赤崎,2-8-2,,34.456698,133.798225,,,玄関,(086)472-9009,,,,,,,,,,,年末年始12月28日〜1月4日休館日;月曜日が祝日の場合、翌日も休館,,,,,,,,児島地区,使用希望時間帯が開館時間帯と重なる場合のみ使用可
332020,60,岡山県倉敷市,倉敷市児島公民館大畠分館,クラシキシコジマコウミンカンオバタケブンカン,,332020,,岡山県倉敷市大畠1-1-34,岡山県,倉敷市,大畠,1-1-34,,34.443465,133.810225,,,玄関,,,,,,,,,,,,年末年始12月28日〜1月4日休館日;月曜日が祝日の場合、翌日も休館,,,,,,,,児島地区,使用希望時間帯が開館時間帯と重なる場合のみ使用可
332020,61,岡山県倉敷市,倉敷市玉島公民館長尾分館,クラシキシコジマコウミンカンナガオブンカン,,332020,,岡山県倉敷市玉島長尾2617-3,岡山県,倉敷市,玉島長尾,2617-3,,34.568994,133.682384,,,玄関,(086)526-8458,,,,,,,,,,,年末年始12月28日〜1月4日休館日;月曜日が祝日の場合翌日も休館,,,,,,,,玉島地区,使用希望時間帯が開館時間帯と重なる場合のみ使用可
332020,65,岡山県倉敷市,倉敷市真備公民館薗分館,クラシキシマビコウミンカンソノブンカン,,332020,,岡山県倉敷市真備町市場4358,岡山県,倉敷市,真備町市場,4358,,34.647241,133.693414,,,玄関,(086)698-0042,,,,,,,,,,,年末年始12月28日〜1月4日休館日;月曜日が祝日の場合翌日も休館,,,,,,,,真備地区,使用希望時間帯が開館時間帯と重なる場合のみ使用可
332020,66,岡山県倉敷市,倉敷市真備公民館二万分館,クラシキシマビコウミンカンニマンブンカン,,332020,,岡山県倉敷市真備町上二万392-1,岡山県,倉敷市,真備町上二万,392-1,,34.607306,133.706530,,,玄関,(086)698-0042,,,,,,,,,,,年末年始12月28日〜1月4日休館日;月曜日が祝日の場合翌日も休館,,,,,,,,真備地区,使用希望時間帯が開館時間帯と重なる場合のみ使用可
332020,67,岡山県倉敷市,倉敷市真備公民館箭田分館,クラシキシマビコウミンカンヤタブンカン,,332020,,岡山県倉敷市真備町箭田1684,岡山県,倉敷市,真備町箭田,1684,,34.631830,133.689009,,,玄関,(086)698-0042,,,,,,,,,,,年末年始12月28日〜1月4日休館日;月曜日が祝日の場合翌日も休館,,,,,,,,真備地区,使用希望時間帯が開館時間帯と重なる場合のみ使用可
332020,71,岡山県倉敷市,養護老人ホーム　倉敷市長楽荘,ヨウゴロウジンホーム　クラシキシチョウラクソウ,,332020,,岡山県倉敷市玉島長尾2953,岡山県,倉敷市,玉島長尾,2953,,34.569011,133.677282,,,1階事務室,(086)522-1110,,,,,,,,月火水木金土日,00:00,24:00,365日24時間使用可,,,,,,,,玉島地区,
332020,72,岡山県倉敷市,倉敷市倉敷北高齢者福祉センター,クラシキシクラシキキタコウレイシャフクシセンター,,332020,,岡山県倉敷市宮前92-1,岡山県,倉敷市,宮前,92-1,,34.610671,133.764995,,,玄関ロビー,(086)423-2265,,,,,,,,,,,年末年始12月29日から1月3日まで休業,,,,,,,,倉敷地区,
332020,73,岡山県倉敷市,倉敷市船穂町高齢者福祉センター,クラシキシフナオチョウコウレイシャフクシセンター,,332020,,岡山県倉敷市船穂町船穂1861-1,岡山県,倉敷市,船穂町船穂,1861-1,,34.582059,133.697292,,,玄関ロビー,(086)552-5200,,,,,,,,,,,年末年始12月29日から1月3日まで休業,,,,,,,,船穂地区,
332020,74,岡山県倉敷市,倉敷市まきび荘,クラシキシマキビソウ,,332020,,岡山県倉敷市真備町市場4661,岡山県,倉敷市,真備町市場,4661,,34.646195,133.700290,,,事務室,(086)698-6151,,,,,,,,,,,年末年始12月29日から1月3日まで休業,,,,,,,,真備地区,
332020,75,岡山県倉敷市,倉敷市障がい者福祉センター,クラシキシショウガイシャフクシセンター,,332020,,岡山県倉敷市船倉町1273-5,岡山県,倉敷市,船倉町,1273-5,,34.591642,133.772805,,,3階事務所前,(086)422-1349,,,,,,,,,,,年末年始12月29日から1月3日まで休業;月曜日が祝日の場合、次の平日が休業日,,,,,,,,倉敷地区,
332020,76,岡山県倉敷市,倉敷市児島障がい者支援センター,クラシキシコジマショウガイシャシエンセンター,,332020,,岡山県倉敷市児島駅前4-83-2,岡山県,倉敷市,児島駅前,4-83-2,,34.461787,133.803425,,,事務所内,(086)472-3855,,,,,,,,,,,年末年始12月29日から1月3日まで休業,,,,,,,,児島地区,
332020,77,岡山県倉敷市,倉敷市玉島障がい者支援センター,クラシキシタマシマショウガイシャシエンセンター,,332020,,岡山県倉敷市玉島阿賀崎2-1-10,岡山県,倉敷市,玉島阿賀崎,2-1-10,,34.547711,133.672196,,,事務所内,(086)525-7867,,,,,,,,,,,年末年始12月29日から1月3日まで休業,,,,,,,,玉島地区,
332020,78,岡山県倉敷市,倉敷運動公園（管理事務所）,クラシキウンドウコウエン（カンリジムショ）,,332020,,岡山県倉敷市四十瀬4,岡山県,倉敷市,四十瀬,4,,34.589099,133.745351,,,野球場内管理事務所,(086)425-0856,,,,,,,,,,,年末年始12月29日から1月3日まで休業,,,,,,,,倉敷地区,
332020,79,岡山県倉敷市,中山公園（事務所）,ナカヤマコウエン（ジムショ）,,332020,,岡山県倉敷市児島小川町2831,岡山県,倉敷市,児島小川町,2831,,34.480678,133.810406,,,体育館内管理事務所,(086)472-6060,,,,,,,,,,,年末年始12月31日から1月3日まで休業,,,,,,,,児島地区,
332020,80,岡山県倉敷市,児島武道館,コジマブドウカン,,332020,,岡山県倉敷市児島小川2-1-10,岡山県,倉敷市,児島小川,2-1-10,,34.470621,133.809340,,,武道館事務所,(086)473-6000,,,,,,,,,,,年末年始12月28日から1月4日まで休業,,,,,,,,児島地区,
332020,81,岡山県倉敷市,玉島の森管理事務所（プール管理事務所内）,タマシマノモリカンリジムショ（プールカンリジムショナイ）,,332020,,岡山県倉敷市玉島乙島8255-1,岡山県,倉敷市,玉島乙島,8255-1,,34.517783,133.679718,,,水泳場内管理事務所,(086)526-5369,,,,,,,,,,,年末年始12月31日から1月3日まで休業,,,,,,,,玉島地区,
332020,82,岡山県倉敷市,玉島武道館,タマシマブドウカン,,332020,,岡山県倉敷市玉島阿賀崎1-10-1,岡山県,倉敷市,玉島阿賀崎,1-10-1,,34.551200,133.676729,,,体育棟入口フロアー階段横,(086)526-1400,,,,,,,,,,,年末年始12月29日から1月3日まで休業;5月・8月・11月・2月の第4月曜日休業(祝日時は翌日),,,,,,,,玉島地区,
332020,83,岡山県倉敷市,水島緑地福田公園（管理事務所）,ミズシマリョクチフクダコウエン（カンリジムショ）,,332020,,岡山県倉敷市福田町古新田1027,岡山県,倉敷市,福田町古新田,1027,,34.530229,133.767632,,,公園管理事務所,(086)455-1078,,,,,,,,,,,年末年始（12月31日から1月3日まで）休業,,,,,,,,水島地区,
332020,84,岡山県倉敷市,水島中央公園,ミズシマチュウオウコウエン,,332020,,岡山県倉敷市水島青葉町95-1,岡山県,倉敷市,水島青葉町,95-1,,34.535779,133.737596,,,水泳場内管理事務所,(086)444-5001,,,,,,,,,,,年末年始（12月31日から1月3日まで）休業,,,,,,,,水島地区,
332020,85,岡山県倉敷市,水島武道館,ミズシマブドウカン,,332020,,岡山県倉敷市水島青葉町5-28,岡山県,倉敷市,水島青葉町,5-28,,34.534948,133.738532,,,武道館事務所,(086)446-2556,,,,,,,,,,,年末年始（12月28日から1月4日まで）休業,,,,,,,,水島地区,
332020,86,岡山県倉敷市,真備総合公園（軟式野球場本部席）,マビソウゴウコウエン（ナンシキヤキュウジョウホンブセキ）,,332020,,岡山県倉敷市真備町箭田2208-1,岡山県,倉敷市,真備町箭田,2208-1,,34.642505,133.685055,,,体育館内管理事務所,(086)698-2340,,,,,,,,,,,年末年始12月31日から1月3日まで休業,,,,,,,,真備地区,
332020,87,岡山県倉敷市,児島マリンプール,コジママリンプール,,332020,,岡山県倉敷市児島小川3697-2,岡山県,倉敷市,児島小川,3697-2,,34.464144,133.815803,,,25ｍプール監視室,(086)472-0133,,,,,,,,,,,年末年始12月30日から1月4日まで休業;日曜日・祝日は19時30分まで;毎月1日、15日休業,,,,,,,,児島地区,
332020,90,岡山県倉敷市,倉敷物語館,クラシキモノガタリカン,,332020,,岡山県倉敷市阿知2-23-18,岡山県,倉敷市,阿知,2-23-18,,34.597232,133.770106,,,倉敷物語館展示室内,(086)435-1277,,,,,,,,,,,年末年始12月29日から1月3日まで休業;4月〜11月は21:00まで使用可能,,,,,,,,倉敷地区,
332020,91,岡山県倉敷市,新渓園,シンケイエン,,332020,,岡山県倉敷市中央1-1-20,岡山県,倉敷市,中央,1-1-20,,34.595863,133.770463,,,管理人室,(086)422-0338,,,,,,,,,,,年末年始12月29日から1月3日まで休業,,,,,,,,倉敷地区,
332020,92,岡山県倉敷市,倉敷市バス専用駐車場,クラシキシバスセンヨウチュウシャジョウ,,332020,,岡山県倉敷市中央2-6-1,岡山県,倉敷市,中央,2-6-1,,34.595621,133.769126,,,料金所内,(086)421-5674,,,,,,,,,,,,,,,,,,,倉敷地区,
332020,93,岡山県倉敷市,倉敷市児島観光港（瀬戸大橋観光船協会）,クラシキシコジマカンコウコウ（セトオオハシカンコウセンキョウカイ）,,332020,,岡山県倉敷市児島駅前3-23,岡山県,倉敷市,児島駅前,3-23,,34.460675,133.808528,,,児島観光港事務室,(086)473-6777,,,,,,,,,,,,,,,,,,,児島地区,
332020,94,岡山県倉敷市,国民宿舎良寛荘,コクミンシュクシャリョウカンソウ,,332020,,岡山県倉敷市玉島柏島478,岡山県,倉敷市,玉島柏島,478,,34.539502,133.663298,,,正面玄関横の2階事務所,(086)522-5291,,,,,,,,月火水木金土日,00:00,24:00,365日24時間使用可,,,,,,,,玉島地区,フロントへ申し出があった場合
332020,96,岡山県倉敷市,王子が岳レストハウス,オウジガタケレストハウス,,332020,,岡山県倉敷市児島唐琴町1421-8,岡山県,倉敷市,児島唐琴町,1421-8,,34.464022,133.879435,,,ホール北東隅ロッカー内,(086)426-3411,,,,,,,,,,,年末年始12月29日から1月3日まで休業;4月〜9月は17時30分まで使用可能,,,,,,,,児島地区,
332020,100,岡山県倉敷市,倉敷市立倉敷東小学校,クラシキシリツクラシキヒガシショウガッコウ,,332020,,岡山県倉敷市鶴形2-6-10,岡山県,倉敷市,鶴形,2-6-10,,34.599306,133.772239,,,ピロティ西側の外壁の収納ボックス,(086)422-0274,,,,,,,,月火水木金土日,00:00,24:00,365日24時間使用可,,,,,,,,倉敷地区,
332020,101,岡山県倉敷市,倉敷市立倉敷西小学校,クラシキシリツクラシキニシショウガッコウ,,332020,,岡山県倉敷市中央1-21-1,岡山県,倉敷市,中央,1-21-1,,34.591461,133.771866,,,南校舎の中庭に面する側の外壁,(086)422-6125,,,,,,,,月火水木金土日,00:00,24:00,365日24時間使用可,,,,,,,,倉敷地区,
332020,102,岡山県倉敷市,倉敷市立老松小学校,クラシキシリツオイマツショウガッコウ,,332020,,岡山県倉敷市老松町4-10-1,岡山県,倉敷市,老松町,4-10-1,,34.591698,133.761256,,,職員室南側外壁の収納ボックス,(086)422-6600,,,,,,,,月火水木金土日,00:00,24:00,365日24時間使用可,,,,,,,,倉敷地区,
332020,103,岡山県倉敷市,倉敷市立万寿小学校,クラシキシリツマスショウガッコウ,,332020,,岡山県倉敷市浜町2-3-1,岡山県,倉敷市,浜町,2-3-1,,34.607663,133.771633,,,運動場側廊下応接室前の外壁の収納ボックス,(086)422-8333,,,,,,,,月火水木金土日,00:00,24:00,365日24時間使用可,,,,,,,,倉敷地区,
332020,104,岡山県倉敷市,倉敷市立万寿東小学校,クラシキシリツマスヒガシショウガッコウ,,332020,,岡山県倉敷市福島410,岡山県,倉敷市,福島,410,,34.606990,133.783258,,,体育館入口右壁面の収納ボックス,(086)422-8346,,,,,,,,月火水木金土日,00:00,24:00,365日24時間使用可,,,,,,,,倉敷地区,
332020,105,岡山県倉敷市,倉敷市立大高小学校,クラシキシリツオオタカショウガッコウ,,332020,,岡山県倉敷市堀南621,岡山県,倉敷市,堀南,621,,34.579421,133.757470,,,体育館北側校舎の西側外壁の収納ボックス,(086)422-0536,,,,,,,,月火水木金土日,00:00,24:00,365日24時間使用可,,,,,,,,倉敷地区,
332020,106,岡山県倉敷市,倉敷市立葦高小学校,クラシキシリツアシタカショウガッコウ,,332020,,岡山県倉敷市笹沖145-1,岡山県,倉敷市,笹沖,145-1,,34.571472,133.764117,,,正面玄関南側の外壁の収納ボックス,(086)424-1533,,,,,,,,月火水木金土日,00:00,24:00,365日24時間使用可,,,,,,,,倉敷地区,
332020,107,岡山県倉敷市,倉敷市立倉敷南小学校,クラシキシリツクラシキミナミショウガッコウ,,332020,,岡山県倉敷市東富井1005-10,岡山県,倉敷市,東富井,1005-10,,34.573506,133.755041,,,職員室南側の外壁の収納ボックス,(086)430-0373,,,,,,,,月火水木金土日,00:00,24:00,365日24時間使用可,,,,,,,,倉敷地区,
332020,108,岡山県倉敷市,倉敷市立中洲小学校,クラシキシリツナカスショウガッコウ,,332020,,岡山県倉敷市水江1594-1,岡山県,倉敷市,水江,1594-1,,34.593995,133.745763,,,1階中央廊下運動場側の収納ボックス,(086)465-4900,,,,,,,,月火水木金土日,00:00,24:00,365日24時間使用可,,,,,,,,倉敷地区,
332020,109,岡山県倉敷市,倉敷市立中島小学校,クラシキシリツナカシマショウガッコウ,,332020,,岡山県倉敷市中島909-3,岡山県,倉敷市,中島,909-3,,34.579715,133.736690,,,正門から運動場へ抜ける中通路西側の壁の収納ボックス,(086)465-9590,,,,,,,,月火水木金土日,00:00,24:00,365日24時間使用可,,,,,,,,倉敷地区,
332020,110,岡山県倉敷市,倉敷市立粒江小学校,クラシキシリツツブエショウガッコウ,,332020,,岡山県倉敷市粒江2161,岡山県,倉敷市,粒江,2161,,34.563116,133.790630,,,体育館南側の外壁の収納ボックス,(086)422-7001,,,,,,,,月火水木金土日,00:00,24:00,365日24時間使用可,,,,,,,,倉敷地区,
332020,111,岡山県倉敷市,倉敷市立中庄小学校,クラシキシリツナカショウショウガッコウ,,332020,,岡山県倉敷市中庄2599,岡山県,倉敷市,中庄,2599,,34.615379,133.797683,,,校舎中央の階段を運動場から1階に上がった正面の柱の収納ボックス,(086)462-1979,,,,,,,,月火水木金土日,00:00,24:00,365日24時間使用可,,,,,,,,倉敷地区,
332020,112,岡山県倉敷市,倉敷市立帯江小学校,クラシキシリツオビエショウガッコウ,,332020,,岡山県倉敷市加須山526,岡山県,倉敷市,加須山,526,,34.586677,133.795063,,,中校舎東側児童昇降口の外壁の収納ボックス,(086)429-1200,,,,,,,,月火水木金土日,00:00,24:00,365日24時間使用可,,,,,,,,倉敷地区,
332020,113,岡山県倉敷市,倉敷市立菅生小学校,クラシキシリツスゴウショウガッコウ,,332020,,岡山県倉敷市西坂538,岡山県,倉敷市,西坂,538,,34.622684,133.776191,,,保健室校舎側の外壁の収納ボックス,(086)462-1139,,,,,,,,月火水木金土日,00:00,24:00,365日24時間使用可,,,,,,,,倉敷地区,
332020,114,岡山県倉敷市,倉敷市立豊洲小学校,クラシキシリツトヨスショウガッコウ,,332020,,岡山県倉敷市西田201-1,岡山県,倉敷市,西田,201-1,,34.594253,133.808453,,,職員室運動場出入り口の東側外壁の収納ボックス,(086)482-2150,,,,,,,,月火水木金土日,00:00,24:00,365日24時間使用可,,,,,,,,倉敷地区,
332020,115,岡山県倉敷市,倉敷市立庄小学校,クラシキシリツショウショウガッコウ,,332020,,岡山県倉敷市上東785-2,岡山県,倉敷市,上東,785-2,,34.643651,133.826100,,,体育館東側の外壁の収納ボックス,(086)462-0206,,,,,,,,月火水木金土日,00:00,24:00,365日24時間使用可,,,,,,,,庄地区,
332020,116,岡山県倉敷市,倉敷市立茶屋町小学校,クラシキシリツチャヤマチショウガッコウ,,332020,,岡山県倉敷市茶屋町早沖445,岡山県,倉敷市,茶屋町早沖,445,,34.581740,133.828622,,,玄関前南側壁面の収納ボックス,(086)428-0020,,,,,,,,月火水木金土日,00:00,24:00,365日24時間使用可,,,,,,,,茶屋町地区,
332020,117,岡山県倉敷市,倉敷市立西阿知小学校,クラシキシリツニシアチショウガッコウ,,332020,,岡山県倉敷市西阿知町西原1003,岡山県,倉敷市,西阿知町西原,1003,,34.585831,133.722875,,,児童用昇降口の南校舎側の壁面の収納ボックス,(086)465-2056,,,,,,,,月火水木金土日,00:00,24:00,365日24時間使用可,,,,,,,,倉敷地区,
332020,118,岡山県倉敷市,倉敷市立天城小学校,クラシキシリツアマキショウガッコウ,,332020,,岡山県倉敷市藤戸町天城2285,岡山県,倉敷市,藤戸町天城,2285,,34.561358,133.811432,,,正面玄関左側の外壁の収納ボックス,(086)428-1072,,,,,,,,月火水木金土日,00:00,24:00,365日24時間使用可,,,,,,,,倉敷地区,
332020,119,岡山県倉敷市,倉敷市第一福田小学校,クラシキシダイイチフクダショウガッコウ,,332020,,岡山県倉敷市東塚3-1-1,岡山県,倉敷市,東塚,3-1-1,,34.528208,133.757014,,,管理棟〜北校舎1F渡り廊下柱の収納ボックス,(086)455-8714,,,,,,,,月火水木金土日,00:00,24:00,365日24時間使用可,,,,,,,,水島地区,
332020,120,岡山県倉敷市,倉敷市第ニ福田小学校,クラシキシダイニフクダショウガッコウ,,332020,,岡山県倉敷市福田町古新田310-2,岡山県,倉敷市,福田町古新田,310-2,,34.548301,133.765223,,,体育館西側の外壁の収納ボックス,(086)455-8704,,,,,,,,月火水木金土日,00:00,24:00,365日24時間使用可,,,,,,,,水島地区,
332020,121,岡山県倉敷市,倉敷市第三福田小学校,クラシキシダイサンフクダショウガッコウ,,332020,,岡山県倉敷市広江1-9-1,岡山県,倉敷市,広江,1-9-1,,34.520504,133.775187,,,職員室運動場入口前の収納ボックス,(086)455-8604,,,,,,,,月火水木金土日,00:00,24:00,365日24時間使用可,,,,,,,,水島地区,
332020,122,岡山県倉敷市,倉敷市第四福田小学校,クラシキシダイヨンフクダショウガッコウ,,332020,,岡山県倉敷市北畝3-8-1,岡山県,倉敷市,北畝,3-8-1,,34.545940,133.748980,,,保健室西側の昇降口の収納ボックス,(086)455-4375,,,,,,,,月火水木金土日,00:00,24:00,365日24時間使用可,,,,,,,,水島地区,
332020,123,岡山県倉敷市,倉敷市第五福田小学校,クラシキシダイゴフクダショウガッコウ,,332020,,岡山県倉敷市水島西千鳥町4-37,岡山県,倉敷市,水島西千鳥町,4-37,,34.531232,133.739696,,,校舎西側昇降口の外壁の収納ボックス,(086)444-5236,,,,,,,,月火水木金土日,00:00,24:00,365日24時間使用可,,,,,,,,水島地区,
332020,124,岡山県倉敷市,倉敷市水島小学校,クラシキシミズシマショウガッコウ,,332020,,岡山県倉敷市水島北春日町11-11,岡山県,倉敷市,水島北春日町,11-11,,34.545367,133.742200,,,職員室後方入口左の戸棚南側ドアの外壁の収納ボックス,(086)444-9260,,,,,,,,月火水木金土日,00:00,24:00,365日24時間使用可,,,,,,,,水島地区,
332020,125,岡山県倉敷市,倉敷市旭丘小学校,クラシキシアサヒガオカショウガッコウ,,332020,,岡山県倉敷市連島町連島1793,岡山県,倉敷市,連島町連島,1793,,34.564751,133.743940,,,昇降口西側靴箱の上の収納ボックス,(086)448-9177,,,,,,,,月火水木金土日,00:00,24:00,365日24時間使用可,,,,,,,,水島地区,
332020,126,岡山県倉敷市,倉敷市連島西浦小学校,クラシキシツラジマセイホショウガッコウ,,332020,,岡山県倉敷市連島町西之浦3575,岡山県,倉敷市,連島町西之浦,3575,,34.551217,133.720377,,,来客用玄関の柱の収納ボックス,(086)444-5263,,,,,,,,月火水木金土日,00:00,24:00,365日24時間使用可,,,,,,,,水島地区,
332020,127,岡山県倉敷市,倉敷市連島神亀小学校,クラシキシツラジマシンキショウガッコウ,,332020,,岡山県倉敷市神田3-6-34,岡山県,倉敷市,神田,3-6-34,,34.541667,133.732278,,,体育館西側の外壁の収納ボックス,(086)448-6070,,,,,,,,月火水木金土日,00:00,24:00,365日24時間使用可,,,,,,,,水島地区,
332020,128,岡山県倉敷市,倉敷市連島東小学校,クラシキシツラジマヒガシショウガッコウ,,332020,,岡山県倉敷市連島町連島2850,岡山県,倉敷市,連島町連島,2850,,34.556604,133.736339,,,職員室玄関左側の壁の収納ボックス,(086)444-8027,,,,,,,,月火水木金土日,00:00,24:00,365日24時間使用可,,,,,,,,水島地区,
332020,129,岡山県倉敷市,倉敷市連島南小学校,クラシキシツラジマミナミショウガッコウ,,332020,,岡山県倉敷市連島町鶴新田1705,岡山県,倉敷市,連島町鶴新田,1705,,34.538435,133.716278,,,正面玄関向かって右側の外壁の収納ボックス,(086)444-7129,,,,,,,,月火水木金土日,00:00,24:00,365日24時間使用可,,,,,,,,水島地区,
332020,130,岡山県倉敷市,倉敷市連島北小学校,クラシキシツラジマキタショウガッコウ,,332020,,岡山県倉敷市連島町西之浦5068,岡山県,倉敷市,連島町西之浦,5068,,34.565995,133.718539,,,非常階段下の靴箱の上の収納ボックス,(086)465-5917,,,,,,,,月火水木金土日,00:00,24:00,365日24時間使用可,,,,,,,,水島地区,
332020,132,岡山県倉敷市,倉敷市立味野小学校,クラシキシリツアジノショウガッコウ,,332020,,岡山県倉敷市児島味野城2-2-9,岡山県,倉敷市,児島味野城,2-2-9,,34.470010,133.799327,,,正面玄関の左手外壁の収納ボックス,(086)472-2059,,,,,,,,月火水木金土日,00:00,24:00,365日24時間使用可,,,,,,,,児島地区,
332020,133,岡山県倉敷市,倉敷市立赤崎小学校,クラシキシリツアカサキショウガッコウ,,332020,,岡山県倉敷市児島赤崎2-1-59,岡山県,倉敷市,児島赤崎,2-1-59,,34.455176,133.799981,,,正面玄関の外壁の収納ボックス,(086)472-2311,,,,,,,,月火水木金土日,00:00,24:00,365日24時間使用可,,,,,,,,児島地区,
332020,134,岡山県倉敷市,倉敷市立下津井東小学校,クラシキシリツシモツイヒガシショウガッコウ,,332020,,岡山県倉敷市下津井田之浦2-4-66,岡山県,倉敷市,下津井田之浦,2-4-66,,34.439459,133.804409,,,渡り廊下北館入口の外壁の収納ボックス,(086)479-9048,,,,,,,,月火水木金土日,00:00,24:00,365日24時間使用可,,,,,,,,児島地区,
332020,135,岡山県倉敷市,倉敷市立下津井西小学校,クラシキシリツシモツイニシショウガッコウ,,332020,,岡山県倉敷市下津井1-17-16,岡山県,倉敷市,下津井,1-17-16,,34.439047,133.797366,,,体育館西側の外壁の収納ボックス,(086)479-9412,,,,,,,,月火水木金土日,00:00,24:00,365日24時間使用可,,,,,,,,児島地区,
332020,136,岡山県倉敷市,倉敷市立本荘小学校,クラシキシリツホンジョウショウガッコウ,,332020,,岡山県倉敷市児島塩生1750,岡山県,倉敷市,児島塩生,1750,,34.475378,133.775913,,,玄関の柱の収納ボックス,(086)475-0821,,,,,,,,月火水木金土日,00:00,24:00,365日24時間使用可,,,,,,,,児島地区,
332020,137,岡山県倉敷市,倉敷市立児島小学校,クラシキシリツコジマショウガッコウ,,332020,,岡山県倉敷市児島柳田町851,岡山県,倉敷市,児島柳田町,851,,34.489539,133.799196,,,南校舎玄関入口右横の外壁の収納ボックス,(086)473-2711,,,,,,,,月火水木金土日,00:00,24:00,365日24時間使用可,,,,,,,,児島地区,
332020,138,岡山県倉敷市,倉敷市立緑丘小学校,クラシキシリツミドリガオカショウガッコウ,,332020,,岡山県倉敷市児島稗田町900,岡山県,倉敷市,児島稗田町,900,,34.498950,133.813907,,,体育館東側入口の外壁の収納ボックス,(086)473-2845,,,,,,,,月火水木金土日,00:00,24:00,365日24時間使用可,,,,,,,,児島地区,
332020,139,岡山県倉敷市,倉敷市立琴浦東小学校,クラシキシリツコトウラヒガシショウガッコウ,,332020,,岡山県倉敷市児島田の口3-13-1,岡山県,倉敷市,児島田の口,3-13-1,,34.473289,133.843949,,,管理棟玄関外壁の収納ボックス（向かって左側ポスト横）,(086)477-7025,,,,,,,,月火水木金土日,00:00,24:00,365日24時間使用可,,,,,,,,児島地区,
332020,140,岡山県倉敷市,倉敷市立琴浦西小学校,クラシキシリツコトウラニシショウガッコウ,,332020,,岡山県倉敷市児島下の町5-4-5,岡山県,倉敷市,児島下の町,5-4-5,,34.479237,133.821965,,,体育館東側の正面玄関横外壁の収納ボックス,(086)472-3022,,,,,,,,月火水木金土日,00:00,24:00,365日24時間使用可,,,,,,,,児島地区,
332020,141,岡山県倉敷市,倉敷市立琴浦南小学校,クラシキシリツコトウラミナミショウガッコウ,,332020,,岡山県倉敷市児島下の町2-16-17,岡山県,倉敷市,児島下の町,2-16-17,,34.470273,133.822840,,,職員室西側ピロティの外壁の収納ボックス,(086)474-2922,,,,,,,,月火水木金土日,00:00,24:00,365日24時間使用可,,,,,,,,児島地区,
332020,143,岡山県倉敷市,倉敷市立郷内小学校,クラシキシリツゴウナイショウガッコウ,,332020,,岡山県倉敷市林1000,岡山県,倉敷市,林,1000,,34.540257,133.817147,,,玄関入って右側の収納ボックス,(086)485-0044,,,,,,,,月火水木金土日,00:00,24:00,365日24時間使用可,,,,,,,,児島地区,
332020,144,岡山県倉敷市,倉敷市立玉島小学校,クラシキシリツタマシマショウガッコウ,,332020,,岡山県倉敷市玉島阿賀崎3-3-1,岡山県,倉敷市,玉島阿賀崎,3-3-1,,34.548562,133.669273,,,放送室運動場側外壁の収納ボックス（昇降口の奥）,(086)522-5267,,,,,,,,月火水木金土日,00:00,24:00,365日24時間使用可,,,,,,,,玉島地区,
332020,145,岡山県倉敷市,倉敷市立上成小学校,クラシキシリツウワナリショウガッコウ,,332020,,岡山県倉敷市玉島乙島6191,岡山県,倉敷市,玉島乙島,6191,,34.554409,133.694064,,,管理棟1階西端児童靴箱付近の収納ボックス,(086)522-2982,,,,,,,,月火水木金土日,00:00,24:00,365日24時間使用可,,,,,,,,玉島地区,
332020,146,岡山県倉敷市,倉敷市立乙島小学校,クラシキシリツオトシマショウガッコウ,,332020,,岡山県倉敷市玉島乙島3500,岡山県,倉敷市,玉島乙島,3500,,34.538731,133.675490,,,南校舎から体育館の方へ出てすぐ左側の外壁の収納ボックス,(086)522-2440,,,,,,,,月火水木金土日,00:00,24:00,365日24時間使用可,,,,,,,,玉島地区,
332020,147,岡山県倉敷市,倉敷市立乙島東小学校,クラシキシリツオトシマヒガシショウガッコウ,,332020,,岡山県倉敷市玉島乙島7471,岡山県,倉敷市,玉島乙島,7471,,34.529529,133.689624,,,体育館西側の外壁の収納ボックス,(086)522-2430,,,,,,,,月火水木金土日,00:00,24:00,365日24時間使用可,,,,,,,,玉島地区,
332020,148,岡山県倉敷市,倉敷市立柏島小学校,クラシキシリツカシワジマショウガッコウ,,332020,,岡山県倉敷市玉島柏島2751-1,岡山県,倉敷市,玉島柏島,2751-1,,34.539539,133.650729,,,体育館西側の外壁の収納ボックス,(086)522-3076,,,,,,,,月火水木金土日,00:00,24:00,365日24時間使用可,,,,,,,,玉島地区,
332020,149,岡山県倉敷市,倉敷市立玉島南小学校,クラシキシリツタマシマミナミショウガッコウ,,332020,,岡山県倉敷市玉島柏島6446,岡山県,倉敷市,玉島柏島,6446,,34.522795,133.650974,,,職員室運動場側の外壁の収納ボックス,(086)528-0403,,,,,,,,月火水木金土日,00:00,24:00,365日24時間使用可,,,,,,,,玉島地区,
332020,150,岡山県倉敷市,倉敷市立長尾小学校,クラシキシリツナガオショウガッコウ,,332020,,岡山県倉敷市玉島長尾3086,岡山県,倉敷市,玉島長尾,3086,,34.570478,133.679468,,,職員室前運動場側の廊下の収納ボックス,(086)522-2419,,,,,,,,月火水木金土日,00:00,24:00,365日24時間使用可,,,,,,,,玉島地区,
332020,151,岡山県倉敷市,倉敷市立富田小学校,クラシキシリツトミタショウガッコウ,,332020,,岡山県倉敷市玉島八島1774,岡山県,倉敷市,玉島八島,1774,,34.561402,133.657141,,,体育館運動場側外壁の収納ボックス,(086)522-2759,,,,,,,,月火水木金土日,00:00,24:00,365日24時間使用可,,,,,,,,玉島地区,
332020,152,岡山県倉敷市,倉敷市立沙美小学校,クラシキシリツサミショウガッコウ,,332020,,岡山県倉敷市玉島黒崎6050-1,岡山県,倉敷市,玉島黒崎,6050-1,,34.504107,133.632773,,,体育館南側の外壁の収納ボックス,(086)528-0852,,,,,,,,月火水木金土日,00:00,24:00,365日24時間使用可,,,,,,,,玉島地区,
332020,153,岡山県倉敷市,倉敷市立南浦小学校,クラシキシリツナンボショウガッコウ,,332020,,岡山県倉敷市玉島黒崎8402,岡山県,倉敷市,玉島黒崎,8402,,34.498304,133.612586,,,体育館正面玄関外壁の収納ボックス,(086)528-1042,,,,,,,,月火水木金土日,00:00,24:00,365日24時間使用可,,,,,,,,玉島地区,
332020,154,岡山県倉敷市,倉敷市立穂井田小学校,クラシキシリツホイダショウガッコウ,,332020,,岡山県倉敷市玉島陶1630,岡山県,倉敷市,玉島陶,1630,,34.596169,133.678313,,,児童げた箱横のロッカー上の収納ボックス,(086)526-4830,,,,,,,,月火水木金土日,00:00,24:00,365日24時間使用可,,,,,,,,玉島地区,
332020,155,岡山県倉敷市,倉敷市立船穂小学校,クラシキシリツフナオショウガッコウ,,332020,,岡山県倉敷市船穂町船穂2643,岡山県,倉敷市,船穂町船穂,2643,,34.584999,133.705942,,,体育館南側外壁の収納ボックス,(086)526-4830,,,,,,,,月火水木金土日,00:00,24:00,365日24時間使用可,,,,,,,,船穂地区,
332020,156,岡山県倉敷市,倉敷市立柳井原小学校,クラシキシリツヤナイバラショウガッコウ,,332020,,岡山県倉敷市船穂町柳井原1854-5,岡山県,倉敷市,船穂町柳井原,1854-5,,34.610152,133.720722,,,来客用玄関を出て左側の外壁の収納ボックス,(086)552-2304,,,,,,,,月火水木金土日,00:00,24:00,365日24時間使用可,,,,,,,,船穂地区,
332020,158,岡山県倉敷市,倉敷市立岡田小学校,クラシキシリオカダショウガッコウ,,332020,,岡山県倉敷市真備町岡田619-2,岡山県,倉敷市,真備町岡田,619-2,,34.645982,133.705526,,,職員玄関の外側の収納ボックス,(086)698-1280,,,,,,,,月火水木金土日,00:00,24:00,365日24時間使用可,,,,,,,,真備地区,
332020,159,岡山県倉敷市,倉敷市立薗小学校,クラシキシリソノショウガッコウ,,332020,,岡山県倉敷市真備町市場4338,岡山県,倉敷市,真備町市場,4338,,34.648193,133.692180,,,体育館前にある外壁の収納ボックス,(086)698-0026,,,,,,,,月火水木金土日,00:00,24:00,365日24時間使用可,,,,,,,,真備地区,
332020,161,岡山県倉敷市,倉敷市立二万小学校,クラシキシリニマショウガッコウ,,332020,,岡山県倉敷市真備町上二万3346,岡山県,倉敷市,真備町上二万,3346,,34.606391,133.709335,,,校舎1階児童用トイレ前の収納ボックス,(086)698-0652,,,,,,,,月火水木金土日,00:00,24:00,365日24時間使用可,,,,,,,,真備地区,
332020,162,岡山県倉敷市,倉敷市立呉妹小学校,クラシキシリクレセショウガッコウ,,332020,,岡山県倉敷市真備町妹137,岡山県,倉敷市,真備町妹,137,,34.625251,133.657104,,,体育館東側玄関の外壁の収納ボックス,(086)698-0006,,,,,,,,月火水木金土日,00:00,24:00,365日24時間使用可,,,,,,,,真備地区,
332020,163,岡山県倉敷市,倉敷市立東中学校,クラシキシリツヒガシチュウガッコウ,,332020,,岡山県倉敷市平田155-100,岡山県,倉敷市,平田,155-100,,34.612432,133.776300,,,体育館正面玄関横の収納ボックス,(086)422-6050,,,,,,,,月火水木金土日,00:00,24:00,365日24時間使用可,,,,,,,,倉敷地区,
332020,164,岡山県倉敷市,倉敷市立西中学校,クラシキシリツニシチュウガッコウ,,332020,,岡山県倉敷市日吉町205,岡山県,倉敷市,日吉町,205,,34.599101,133.754114,,,体育館西側の外壁の収納ボックス,(086)422-6030,,,,,,,,月火水木金土日,00:00,24:00,365日24時間使用可,,,,,,,,倉敷地区,
332020,165,岡山県倉敷市,倉敷市立南中学校,クラシキシリツミナミチュウガッコウ,,332020,,岡山県倉敷市西富井1387,岡山県,倉敷市,西富井,1387,,34.573509,133.744898,,,体育館南校舎側の外壁の収納ボックス,(086)422-4670,,,,,,,,月火水木金土日,00:00,24:00,365日24時間使用可,,,,,,,,倉敷地区,
332020,166,岡山県倉敷市,倉敷市立北中学校,クラシキシリツキタチュウガッコウ,,332020,,岡山県倉敷市中庄505,岡山県,倉敷市,中庄,505,,34.620346,133.788896,,,体育館西側（運動場側）の外壁の収納ボックス,(086)462-6341,,,,,,,,月火水木金土日,00:00,24:00,365日24時間使用可,,,,,,,,倉敷地区,
332020,167,岡山県倉敷市,倉敷市立多津美中学校,クラシキシリツタツミチュウガッコウ,,332020,,岡山県倉敷市有城986,岡山県,倉敷市,有城,986,,34.575578,133.799671,,,保健室ピロティ側の外壁の収納ボックス,(086)429-1222,,,,,,,,月火水木金土日,00:00,24:00,365日24時間使用可,,,,,,,,倉敷地区,
332020,168,岡山県倉敷市,倉敷市立新田中学校,クラシキシリツシンデンチュウガッコウ,,332020,,岡山県倉敷市新田2674-3,岡山県,倉敷市,新田,2674-3,,34.571928,133.774492,,,体育館南入口外壁の収納ボックス,(086)422-4674,,,,,,,,月火水木金土日,00:00,24:00,365日24時間使用可,,,,,,,,倉敷地区,
332020,169,岡山県倉敷市,倉敷市立東陽中学校,クラシキシリツトウヨウチュウガッコウ,,332020,,岡山県倉敷市高須賀315,岡山県,倉敷市,高須賀,315,,34.583047,133.821932,,,職員玄関運動場側の外壁の収納ボックス,(086)428-0013,,,,,,,,月火水木金土日,00:00,24:00,365日24時間使用可,,,,,,,,倉敷地区,
332020,170,岡山県倉敷市,倉敷市立庄中学校,クラシキシリツショウチュウガッコウ,,332020,,岡山県倉敷市上東812,岡山県,倉敷市,上東,812,,34.643551,133.825315,,,職員室西側テニスコート側外壁の収納ボックス,(086)462-0334,,,,,,,,月火水木金土日,00:00,24:00,365日24時間使用可,,,,,,,,庄地区,
332020,171,岡山県倉敷市,倉敷市立倉敷第一中学校,クラシキシリツクラシキダイイチチュウガッコウ,,332020,,岡山県倉敷市西阿知町1070,岡山県,倉敷市,西阿知町,1070,,34.584508,133.728797,,,生徒昇降口南側の壁の収納ボックス（管理棟と生徒棟の間）,(086)465-2178,,,,,,,,月火水木金土日,00:00,24:00,365日24時間使用可,,,,,,,,倉敷地区,
332020,172,岡山県倉敷市,倉敷市福田中学校,クラシキシフクダチュウガッコウ,,332020,,岡山県倉敷市福田町古新田533-1,岡山県,倉敷市,福田町古新田,533-1,,34.536551,133.760976,,,武道場東側の外壁の収納ボックス,(086)455-4373,,,,,,,,月火水木金土日,00:00,24:00,365日24時間使用可,,,,,,,,水島地区,
332020,173,岡山県倉敷市,倉敷市福田南中学校,クラシキシフクダミナミチュウガッコウ,,332020,,岡山県倉敷市福田町古新田711-4,岡山県,倉敷市,福田町古新田,711-4,,34.535493,133.763107,,,運動場に面した正面玄関の右側外壁の収納ボックス,(086)455-5671,,,,,,,,月火水木金土日,00:00,24:00,365日24時間使用可,,,,,,,,水島地区,
332020,174,岡山県倉敷市,倉敷市水島中学校,クラシキシミズシマチュウガッコウ,,332020,,岡山県倉敷市水島北幸町3-1,岡山県,倉敷市,水島北幸町,3-1,,34.540898,133.740035,,,南館1階女子トイレ右横外壁の収納ボックス,(086)444-5238,,,,,,,,月火水木金土日,00:00,24:00,365日24時間使用可,,,,,,,,水島地区,
332020,175,岡山県倉敷市,倉敷市連島中学校,クラシキシツラジマチュウガッコウ,,332020,,岡山県倉敷市連島中央5-6-1,岡山県,倉敷市,連島中央,5-6-1,,34.545467,133.726657,,,南館1階北側の給食受入室の北外側の収納ボックス,(086)444-5268,,,,,,,,月火水木金土日,00:00,24:00,365日24時間使用可,,,,,,,,水島地区,
332020,176,岡山県倉敷市,倉敷市連島南中学校,クラシキシツラジマミナミチュウガッコウ,,332020,,岡山県倉敷市連島町鶴新田1310,岡山県,倉敷市,連島町鶴新田,1310,,34.542033,133.717683,,,東館1階ピロティの外壁の収納ボックス,(086)448-4552,,,,,,,,月火水木金土日,00:00,24:00,365日24時間使用可,,,,,,,,水島地区,
332020,177,岡山県倉敷市,倉敷市立味野中学校,クラシキシリツアジノチュウガッコウ,,332020,,岡山県倉敷市児島味野4-2-56,岡山県,倉敷市,児島味野,4-2-56,,34.463217,133.802164,,,職員玄関西側の外壁の収納ボックス,(086)472-2266,,,,,,,,月火水木金土日,00:00,24:00,365日24時間使用可,,,,,,,,児島地区,
332020,178,岡山県倉敷市,倉敷市立下津井中学校,クラシキシリツシモツイチュウガッコウ,,332020,,岡山県倉敷市下津井吹上140,岡山県,倉敷市,下津井吹上,140,,34.442632,133.802544,,,南校舎職員玄関入口前の外壁の収納ボックス,(086)479-9049,,,,,,,,月火水木金土日,00:00,24:00,365日24時間使用可,,,,,,,,児島地区,
332020,179,岡山県倉敷市,倉敷市立児島中学校,クラシキシリツコジマチュウガッコウ,,332020,,岡山県倉敷市児島小川4-7-34,岡山県,倉敷市,児島小川,4-7-34,,34.477038,133.807351,,,玄関外壁の収納ボックス,(086)473-2721,,,,,,,,月火水木金土日,00:00,24:00,365日24時間使用可,,,,,,,,児島地区,
332020,180,岡山県倉敷市,倉敷市立琴浦中学校,クラシキシリツコトウラチュウガッコウ,,332020,,岡山県倉敷市児島下の町8-6-6,岡山県,倉敷市,児島下の町,8-6-6,,34.478601,133.830919,,,校舎南棟1階職員玄関入口外壁の収納ボックス（体育館正面玄関の前）,(086)472-4459,,,,,,,,月火水木金土日,00:00,24:00,365日24時間使用可,,,,,,,,児島地区,
332020,181,岡山県倉敷市,倉敷市立郷内中学校,クラシキシリツゴウナイチュウガッコウ,,332020,,岡山県倉敷市林620,岡山県,倉敷市,林,620,,34.537489,133.815577,,,職員玄関入口外側外壁の収納ボックス,(086)485-0055,,,,,,,,月火水木金土日,00:00,24:00,365日24時間使用可,,,,,,,,児島地区,
332020,182,岡山県倉敷市,倉敷市立玉島東中学校,クラシキシリツタマシマヒガシチュウガッコウ,,332020,,岡山県倉敷市玉島2-21-1,岡山県,倉敷市,玉島,2-21-1,,34.541157,133.678864,,,卓球場と武道場の間の通路にある柱の収納ボックス,(086)522-5157,,,,,,,,月火水木金土日,00:00,24:00,365日24時間使用可,,,,,,,,玉島地区,
332020,183,岡山県倉敷市,倉敷市立玉島西中学校,クラシキシリツタマシマニシチュウガッコウ,,332020,,岡山県倉敷市玉島柏島1548,岡山県,倉敷市,玉島柏島,1548,,34.531734,133.662502,,,職員室東外階段下の外壁の収納ボックス,(086)526-3456,,,,,,,,月火水木金土日,00:00,24:00,365日24時間使用可,,,,,,,,玉島地区,
332020,184,岡山県倉敷市,倉敷市立玉島北中学校,クラシキシリツタマシマキタチュウガッコウ,,332020,,岡山県倉敷市玉島八島1529-1,岡山県,倉敷市,玉島八島,1529-1,,34.563706,133.671034,,,玄関外壁の収納ボックス,(086)526-3000,,,,,,,,月火水木金土日,00:00,24:00,365日24時間使用可,,,,,,,,玉島地区,
332020,185,岡山県倉敷市,倉敷市立黒崎中学校,クラシキシリツクロサキチュウガッコウ,,332020,,岡山県倉敷市玉島黒崎6057,岡山県,倉敷市,玉島黒崎,6057,,34.503304,133.632638,,,柔剣道場入口の外壁の収納ボックス,(086)528-0302,,,,,,,,月火水木金土日,00:00,24:00,365日24時間使用可,,,,,,,,玉島地区,
332020,186,岡山県倉敷市,倉敷市立船穂中学校,クラシキシリツフナオチュウガッコウ,,332020,,岡山県倉敷市船穂町船穂2817-1,岡山県,倉敷市,船穂町船穂,2817-1,,34.587772,133.708196,,,正面玄関西側の外壁の収納ボックス,(086)552-2043,,,,,,,,月火水木金土日,00:00,24:00,365日24時間使用可,,,,,,,,船穂地区,
332020,188,岡山県倉敷市,倉敷市立真備東中学校,クラシキシリマビヒガシチュウガッコウ,,332020,,岡山県倉敷市真備町辻田60-1,岡山県,倉敷市,真備町辻田,60-1,,34.643168,133.712427,,,体育館東側入口の外壁の収納ボックス,(086)698-5522,,,,,,,,月火水木金土日,00:00,24:00,365日24時間使用可,,,,,,,,真備地区,
332020,189,岡山県倉敷市,岡山県倉敷市立精思高等学校,オカヤマケンクラシキシリツセイシコウトウガッコウ,,332020,,岡山県倉敷市八王寺町199-3,岡山県,倉敷市,八王寺町,199-3,,34.599094,133.752524,,,校舎玄関扉の右側外壁の収納ボックス,(086)422-0387,,,,,,,,月火水木金土日,00:00,24:00,365日24時間使用可,,,,,,,,倉敷地区,
332020,190,岡山県倉敷市,倉敷市立工業高等学校,クラシキシリツコウギョウコウトウガッコウ,,332020,,岡山県倉敷市田ノ上716-1,岡山県,倉敷市,田ノ上,716-1,,34.592380,133.758283,,,正面玄関北側の外壁の収納ボックス,(086)422-4100,,,,,,,,月火水木金土日,00:00,24:00,365日24時間使用可,,,,,,,,倉敷地区,
332020,191,岡山県倉敷市,倉敷市立倉敷翔南高等学校,クラシキシリツクラシキショウナンコウトウガッコウ,,332020,,岡山県倉敷市児島稗田町160,岡山県,倉敷市,児島稗田町,160,,34.498333,133.808987,,,進路指導室西側入口の向かって左側の外壁の収納ボックス,(086)473-4240,,,,,,,,月火水木金土日,00:00,24:00,365日24時間使用可,,,,,,,,児島地区,
332020,192,岡山県倉敷市,倉敷市立玉島高等学校,クラシキシリツタマシマコウトウガッコウ,,332020,,岡山県倉敷市玉島1-15-60,岡山県,倉敷市,玉島,1-15-60,,34.543403,133.678953,,,南校舎玄関外壁の収納ボックス,(086)526-0114,,,,,,,,月火水木金土日,00:00,24:00,365日24時間使用可,,,,,,,,玉島地区,
332020,194,岡山県倉敷市,倉敷市立倉敷支援学校,クラシキシリツクラシキシエンガッコウ,,332020,,岡山県倉敷市粒浦388-1,岡山県,倉敷市,粒浦,388-1,,34.570105,133.785650,,,保健室運動場側の外壁の収納ボックス,(086)425-4611,,,,,,,,月火水木金土日,00:00,24:00,365日24時間使用可,,,,,,,,倉敷地区,
332020,195,岡山県倉敷市,倉敷市立短期大学,クラシキシリツタンキダイガク,,332020,,岡山県倉敷市児島稗田町160,岡山県,倉敷市,児島稗田町,160,,34.498333,133.808987,,,正面玄関,(086)473-1860,,,,,,,,,,,年末年始（12月29日から1月3日まで）休業;春季・夏季・冬季期間中は、使用可能時間帯が変わる場合がある。,,,,,,,,児島地区,
332020,196,岡山県倉敷市,倉敷市藤戸市民サービスコーナー,クラシキシフジトシミンサービスコーナー,,332020,,岡山県倉敷市藤戸町藤戸351,岡山県,倉敷市,藤戸町藤戸,351,,34.560003,133.810698,,,1階事務室,(086)428-1014,,,,,,,,,,,年末年始（12月29日から1月3日まで）休業,,,,,,,,倉敷地区,
332020,197,岡山県倉敷市,倉敷市休日夜間急患センター,クラシキシキュウジツヤカンキュウカンセンター,,332020,,岡山県倉敷市新田2689,岡山県,倉敷市,新田,2689,,34.570522,133.773870,,,第一診察室,(086)425-5020,,,,,,,,,,,平日及び日祝は8:30〜17:15も使用可能,,,,,,,,倉敷地区,
332020,198,岡山県倉敷市,倉敷児童館,クラシキジドウカン,,332020,,岡山県倉敷市有城710,岡山県,倉敷市,有城,710,,34.574188,133.796324,,,すこやかプラザ　玄関ホール(入って正面の壁）,(086)429-1791,,,,,,,,火水木金土日,,,休館日は、月曜日（夏休み期間中は日曜日）、祝日（5月5日を除く）、年末年始（12月29日から1月3日まで）;すこやかプラザロビーに設置してあるのですこやかプラザの休館日（祝日・年末年始）を除いては使用できる,,,,,,,,倉敷地区,
332020,199,岡山県倉敷市,倉敷北児童センター,クラシキキタジドウセンター,,332020,,岡山県倉敷市宮前67-6,岡山県,倉敷市,宮前,67-6,,34.609671,133.763469,,,玄関入って風除室の左側,(086)422-6539,,,,,,,,火水木金土日,,,休館日は、月曜日（夏休み期間中は日曜日）、祝日（5月5日を除く）、年末年始（12月29日から1月3日まで）;月曜が休日の場合は、その翌日は休館,,,,,,,,倉敷地区,
332020,201,岡山県倉敷市,倉敷市倉敷体育館（事務所）,クラシキシクラシキタイイクカン（ジムショ）,,332020,,岡山県倉敷市上富井1-8,岡山県,倉敷市,上富井,1-8,,34.586041,133.745168,,,体育館事務所,(086)422-8680,,,,,,,,,,,年末年始12月31日から1月3日まで休業,,,,,,,,倉敷地区,
332020,202,岡山県倉敷市,倉敷武道館,クラシキブドウカン,,332020,,岡山県倉敷市四十瀬4-1,岡山県,倉敷市,四十瀬,4-1,,34.592168,133.747529,,,武道館事務所,(086)466-0049,,,,,,,,,,,年末年始12月28日から1月4日まで休業,,,,,,,,倉敷地区,
332020,203,岡山県倉敷市,倉敷市屋内水泳センター,クラシキシオクナイスイエイセンター,,332020,,岡山県倉敷市新田2458,岡山県,倉敷市,新田,2458,,34.585357,133.774345,,,センター内ロビー,(086)424-9192,,,,,,,,,,,年末年始12月29日から1月7日まで休業;土曜日・日曜日・祝日は9時30分〜19時30分,,,,,,,,倉敷地区,
332020,204,岡山県倉敷市,スポーツ活動サポートセンター倉敷,スポーツカツドウサポートセンタークラシキ,,332020,,岡山県倉敷市四十瀬4,岡山県,倉敷市,四十瀬,4,,34.589093,133.745485,,,サポートセンター事務所,(086)434-3410,,,,,,,,,,,年末年始12月29日から1月3日まで休業,,,,,,,,倉敷地区,
332020,205,岡山県倉敷市,酒津公園水泳場,サケツコウエンスイエイジョウ,,332020,,岡山県倉敷市酒津1658-2,岡山県,倉敷市,酒津,1658-2,,34.613623,133.750937,,,,(086)425-0856,,,,,,,,,,,7月中旬〜8月30日のみ設置。それ以外の期間は、倉敷運動公園事務所（倉敷市四十瀬4）に設置。,,,,,,,,倉敷地区,
332020,206,岡山県倉敷市,倉敷市グラウンド・ゴルフ場,クラシキシグラウンド・ゴルフジョウ,,332020,,岡山県倉敷市有城570-3,岡山県,倉敷市,有城,570-3,,34.571866,133.794987,,,管理棟休憩室,(086)428-5625,,,,,,,,,,,開場時間は、4月・9月は7時〜18時、5月〜8月は7時〜19時、10月〜2月は8時30分〜17時、3月は8時30分〜18時;休場日は、年末年始（12月29日〜1月3日）;芝生養生日は、月曜日（祝休日の場合は次の平日）,,,,,,,,倉敷地区,
332020,207,岡山県倉敷市,倉敷駅周辺開発事務所,クラシキエキシュウヘンカイハツジムショ,,332020,,岡山県倉敷市阿知1-7-2-801-2くらしきシティプラザ西ビル8階,岡山県,倉敷市,阿知,1-7-2-801-2,くらしきシティプラザ西ビル8階,34.600978,133.765855,,,正面玄関西側壁,(086)434-8671,,,,,,,,,,,年末年始12月29日から1月3日まで休業,,,,,,,,倉敷地区,
332020,208,岡山県倉敷市,倉敷市消防局　倉敷消防署,クラシキシショウボウキョク　クラシキショウボウショ,,332020,,岡山県倉敷市白楽町162-5,岡山県,倉敷市,白楽町,162-5,,34.588746,133.761312,,,1階　通信室前,(086)422-0119,,,,,,,,月火水木金土日,00:00,24:00,365日24時間使用可,,,,,,,,倉敷地区,
332020,209,岡山県倉敷市,倉敷消防署　中州分署,クラシキショウボウショ　ナカスブンショ,,332020,,岡山県倉敷市水江1224-2,岡山県,倉敷市,水江,1224-2,,34.599906,133.742874,,,正面玄関右側壁,(086)465-9931,,,,,,,,月火水木金土日,00:00,24:00,365日24時間使用可;庁舎に職員がいれば使用可能であるが、災害出動、業務都合等で職員全員が不在となる時は、庁舎を施錠するため使用不可。,,,,,,,,倉敷地区,
332020,210,岡山県倉敷市,倉敷消防署　庄出張所,クラシキショウボウショ　ショウシュッチョウジョ,,332020,,岡山県倉敷市二子135-3,岡山県,倉敷市,二子,135-3,,34.636097,133.812553,,,2階事務所内,(086)462-3110,,,,,,,,月火水木金土日,00:00,24:00,365日24時間使用可;庁舎に職員がいれば使用可能であるが、災害出動、業務都合等で職員全員が不在となる時は、庁舎を施錠するため使用不可。,,,,,,,,庄地区,
332020,211,岡山県倉敷市,倉敷消防署　東出張所,クラシキショウボウショ　ヒガシシュッチョウジョ,,332020,,岡山県倉敷市中帯江164-5,岡山県,倉敷市,中帯江,164-5,,34.596936,133.806636,,,1階　事務所内,(086)482-2459,,,,,,,,月火水木金土日,00:00,24:00,365日24時間使用可;庁舎に職員がいれば使用可能であるが、災害出動、業務都合等で職員全員が不在となる時は、庁舎を施錠するため使用不可。,,,,,,,,倉敷地区,
332020,212,岡山県倉敷市,片島浄水場,カタシマジョウスイジョウ,,332020,,岡山県倉敷市片島町1000,岡山県,倉敷市,片島町,1000,,34.569784,133.711740,,,玄関,(086)465-7314,,,,,,,,月火水木金土日,00:00,24:00,365日24時間使用可;休日夜間は正門のインターホンで、中央監視室の運転管理委託業者へ連絡し使用可,,,,,,,,倉敷地区,
332020,213,岡山県倉敷市,倉敷館観光案内所,クラシキカンカンコウアンナイジョ,,332020,,岡山県倉敷市中央1-4-8,岡山県,倉敷市,中央,1-4-8,,34.595667,133.771651,,,正面入口入って右,(086)422-0542,,,,,,,,,,,年末年始12月29日から12月31日までの営業時間は16時まで,,,,,,,,倉敷地区,
332020,214,岡山県倉敷市,倉敷駅前観光案内所,クラシキエキマエカンコウアンナイジョ,,332020,,岡山県倉敷市阿知1-7-2 2階,岡山県,倉敷市,阿知,1-7-2,2階,34.600907,133.765727,,,正面入口入って右,(086)424-1220,,,,,,,,,,,年末年始12月29日から12月31日まで休業,,,,,,,,倉敷地区,
332020,215,岡山県倉敷市,倉敷市立中央図書館,クラシキシリツチュウオウトショカン,,332020,,岡山県倉敷市中央2-6-1,岡山県,倉敷市,中央,2-6-1,,34.595139,133.768745,,,1階　開架室,(086)425-6033,,,,,,,,,,,休館日は、月曜日（第1月曜日を除く）、毎月最終金曜日（8月・12月を除く）、年末年始12月29日から1月4日まで、特別整理休館（14日以内）;開館時間は、月〜土曜日は9:00〜19:00、日曜・祝日は10:00〜18:00,,,,,,,,倉敷地区,
332020,216,岡山県倉敷市,倉敷市環境交流スクエア,クラシキシカンキョウコウリュウスクエア,,332020,,岡山県倉敷市水島東千鳥町1-50,岡山県,倉敷市,水島東千鳥町,1-50,,34.527909,133.739821,,,1階シンコースポーツ受付,(086)440-5511,,,,,,,,月水木金土日,,,毎週火曜休館日;年末年始12月29日から1月3日まで休業;日曜日17時30分 閉館,,,,,,,,水島地区,
332020,217,岡山県倉敷市,倉敷市水島ふれあいセンター,クラシキシミズシマフレアイセンター,,332020,,岡山県倉敷市水島川崎通1-1-113,岡山県,倉敷市,水島川崎通,1-1-113,,34.532405,133.724493,,,受付窓口,(086)448-7111,,,,,,,,,,,年末年始（12月29日から1月3日まで）休業;月曜日が国民の祝日に当たるときは、次の平日が休業日,,,,,,,,水島地区,使用時間帯が開場時間帯と重なる場合のみ使用可
332020,218,岡山県倉敷市,倉敷市水島清掃工場_管理棟,クラシキシミズシマセイソウコウジョウ_カンリトウ,,332020,,岡山県倉敷市水島川崎通1-1-4,岡山県,倉敷市,水島川崎通,1-1-4,,34.529046,133.720466,,,管理棟1階　正面入り口,(086)448-1311,,,,,,,,,,,年末年始（12月31日から1月3日まで）休業,,,,,,,,水島地区,使用希望時間帯が勤務時間帯と重なる場合のみ
332020,219,岡山県倉敷市,倉敷市水島障がい者支援センター,クラシキシミズシマショウガイシャシエンセンター,,332020,,岡山県倉敷市水島東栄町12-28,岡山県,倉敷市,水島東栄町,12-28,,34.538268,133.744808,,,事務所内,(086)440-3334,,,,,,,,,,,年末年始（12月29日から1月3日まで）休業,,,,,,,,水島地区,
332020,220,岡山県倉敷市,水島児童館,ミズシマジドウカン,,332020,,岡山県倉敷市水島北幸町1-3,岡山県,倉敷市,水島北幸町,1-3,,34.540434,133.742201,,,玄関入って左手の廊下（事務室前）,(086)448-0650,,,,,,,,,,,休館日は、月曜日（夏休み期間中は日曜日）、祝日（5月5日を除く）、年末年始（12月29日から1月3日まで）;月曜が休日の場合は、その翌日は休館,,,,,,,,水島地区,
332020,221,岡山県倉敷市,倉敷市水島体育館,クラシキシミズシマタイイクカン,,332020,,岡山県倉敷市水島西千鳥町3-21-303,岡山県,倉敷市,水島西千鳥町,3-21-303,,34.530202,133.739340,,,体育館事務所,(086)445-1345,,,,,,,,,,,年末年始（12月31日から1月3日まで）休業,,,,,,,,水島地区,
332020,222,岡山県倉敷市,倉敷市消防局　水島消防署,クラシキシショウボウキョク　ミズシマショウボウショ,,332020,,岡山県倉敷市水島北幸町4-1,岡山県,倉敷市,水島北幸町,4-1,,34.540119,133.739034,,,1階　通信室前,(086)444-1190,,,,,,,,月火水木金土日,00:00,24:00,365日24時間使用可,,,,,,,,水島地区,
332020,223,岡山県倉敷市,倉敷市立水島図書館,クラシキシリツミズシマトショカン,,332020,,岡山県倉敷市水島青葉町4-40,岡山県,倉敷市,水島青葉町,4-40,,34.535638,133.739183,,,事務室,(086)446-6918,,,,,,,,,,,休館日は、月曜日（第1月曜日を除く）、毎月最終金曜日（8月・12月を除く）、年末年始12月29日から1月4日まで、特別整理休館（14日以内）;開館時間は、月曜日〜土曜日は9時〜19時、日曜日・祝日は10時〜18時,,,,,,,,水島地区,
332020,224,岡山県倉敷市,児島市民交流センター_交流棟,コジマシミンコウリュウセンター_コウリュウトウ,,332020,,岡山県倉敷市児島味野2-2-38,岡山県,倉敷市,児島味野,2-2-38,,34.468158,133.803728,,,交流棟南出入口そば,(086)474-8550,,,,,,,,,,,年末年始（12月29日から1月3日まで）休業,,,,,,,,児島地区,
332020,226,岡山県倉敷市,児島児童館,コジマジドウカン,,332020,,岡山県倉敷市児島小川2-2-16,岡山県,倉敷市,児島小川,2-2-16,,34.471323,133.808743,,,玄関入って左手の廊下（掲示板前）,(086)473-2844,,,,,,,,,,,休館日は、月曜日（夏休み期間中は日曜日）、祝日（5月5日を除く）、年末年始（12月29日から1月3日まで）;月曜が休日の場合は、その翌日は休館,,,,,,,,児島地区,
332020,227,岡山県倉敷市,鷲羽山ビジターセンター,ワシュウザンビジターセンター,,332020,,岡山県倉敷市下津井田之浦1-2,岡山県,倉敷市,下津井田之浦,1-2,,34.436175,133.807435,,,事務所カウンター,(086)479-8660,,,,,,,,,,,年末年始12月29日から1月3日まで休業;4月〜9月は17時まで使用可能,,,,,,,,児島地区,
332020,228,岡山県倉敷市,むかし下津井回船問屋,ムカシシモツイカイセンドンヤ,,332020,,岡山県倉敷市下津井1-7-23,岡山県,倉敷市,下津井,1-7-23,,34.437645,133.797440,,,資料館　母屋事務所,(086)479-7890,,,,,,,,,,,年末年始12月29日から1月3日まで休業,,,,,,,,児島地区,
332020,229,岡山県倉敷市,倉敷勤労者体育センター,クラシキキンロウシャタイイクセンター,,332020,,岡山県倉敷市児島小川3-11-43,岡山県,倉敷市,児島小川,3-11-43,,34.472928,133.809360,,,事務室内,(086)473-4000,,,,,,,,,,,日曜日・祝日は、9時から17時まで使用可能;祝日の翌日、12月28日〜1月4日は休業,,,,,,,,児島地区,
332020,230,岡山県倉敷市,倉敷市消防局　児島消防署,クラシキシショウボウキョク　コジマショウボウショ,,332020,,岡山県倉敷市児島小川1-1-17,岡山県,倉敷市,児島小川,1-1-17,,34.469358,133.809921,,,1階　通信室前,(086)473-1190,,,,,,,,月火水木金土日,00:00,24:00,365日24時間使用可,,,,,,,,児島地区,
332020,231,岡山県倉敷市,児島消防署　臨港分署,コジマショウボウショ　リンコウブンショ,,332020,,岡山県倉敷市児島塩生2961,岡山県,倉敷市,児島塩生,2961,,34.485785,133.770921,,,1階　通信室内,(086)475-0119,,,,,,,,月火水木金土日,00:00,24:00,365日24時間使用可;庁舎に職員がいれば使用可能であるが、災害出動、業務都合等で職員全員が不在となる時は、庁舎を施錠するため使用不可。,,,,,,,,児島地区,
332020,232,岡山県倉敷市,児島消防署　琴浦出張所,コジマショウボウショ　コトウラシュッチョウジョ,,332020,,岡山県倉敷市児島田の口7-6-6,岡山県,倉敷市,児島田の口,7-6-6,,34.473196,133.840069,,,1階　通信室内,(086)477-8826,,,,,,,,月火水木金土日,00:00,24:00,365日24時間使用可;庁舎に職員がいれば使用可能であるが、災害出動、業務都合等で職員全員が不在となる時は、庁舎を施錠するため使用不可。,,,,,,,,児島地区,
332020,233,岡山県倉敷市,児島消防署　郷内出張所,コジマショウボウショ　ゴウナイシュッチョウジョ,,332020,,岡山県倉敷市林638-1,岡山県,倉敷市,林,638-1,,34.537087,133.815707,,,1階　通信室前,(086)485-0119,,,,,,,,月火水木金土日,00:00,24:00,365日24時間使用可;庁舎に職員がいれば使用可能であるが、災害出動、業務都合等で職員全員が不在となる時は、庁舎を施錠するため使用不可。,,,,,,,,児島地区,
332020,234,岡山県倉敷市,児島消防署　下津井出張所,コジマショウボウショ　シモツイシュッチョウジョ,,332020,,岡山県倉敷市下津井吹上2-650,岡山県,倉敷市,下津井吹上,2-650,,34.439725,133.799813,,,1階　通信室前,(086)478-5093,,,,,,,,月火水木金土日,00:00,24:00,365日24時間使用可;庁舎に職員がいれば使用可能であるが、災害出動、業務都合等で職員全員が不在となる時は、庁舎を施錠するため使用不可。,,,,,,,,児島地区,
332020,235,岡山県倉敷市,倉敷市立市民病院,クラシキシリツシミンビョウイン,,332020,,岡山県倉敷市児島駅前2-39,岡山県,倉敷市,児島駅前,2-39,,34.466868,133.806302,,,救急外来,(086)472-8111,,,,,,,,月火水木金土日,00:00,24:00,365日24時間使用可,,,,,,,,児島地区,
332020,236,岡山県倉敷市,倉敷市ボートレース事業局_自警本部内,クラシキシボートレースジギョウキョク_ジケイホンブナイ,,332020,,岡山県倉敷市児島元浜町6-3,岡山県,倉敷市,児島元浜町,6-3,,34.448645,133.809331,,,自警本部内　救護室,(086)472-5051,,,,,,,,,,,レース開催日の開門時刻から閉門時刻まで使用可能;開催日によって使用可能時間が変更される場合がある。,,,,,,,,児島地区,
332020,237,岡山県倉敷市,玉島児童館,タマシマジドウカン,,332020,,岡山県倉敷市玉島中央町3-9-12,岡山県,倉敷市,玉島中央町,3-9-12,,34.544578,133.668674,,,玄関入って右手（エレベーター横）,(086)526-3400,,,,,,,,,,,休館日は、月曜日（夏休み期間中は日曜日）、祝日（5月5日を除く）、年末年始（12月29日から1月3日まで）;月曜が休日の場合は、その翌日は休館,,,,,,,,玉島地区,
332020,238,岡山県倉敷市,倉敷市消防局　玉島消防署,クラシキシショウボウキョク　タマシマショウボウショ,,332020,,岡山県倉敷市玉島八島856-1,岡山県,倉敷市,玉島八島,856-1,,34.556046,133.673690,,,1階　通信室前,(086)522-3515,,,,,,,,月火水木金土日,00:00,24:00,365日24時間使用可,,,,,,,,玉島地区,
332020,239,岡山県倉敷市,玉島消防署　勇崎出張所,タマシマショウボウショ　ユウザキシュッチョウジョ,,332020,,岡山県倉敷市玉島勇崎1042-1,岡山県,倉敷市,玉島勇崎,1042-1,,34.519589,133.650257,,,1階通信室,(086)528-2428,,,,,,,,月火水木金土日,00:00,24:00,365日24時間使用可;庁舎に職員がいれば使用可能であるが、災害出動、業務都合等で職員全員が不在となる時は、庁舎を施錠するため使用不可。,,,,,,,,玉島地区,
332020,240,岡山県倉敷市,玉島消防署　北出張所,タマシマショウボウショ　キタシュッチョウジョ,,332020,,岡山県倉敷市玉島長尾499-6,岡山県,倉敷市,玉島長尾,499-6,,34.579016,133.693376,,,1階通信室,(086)526-8169,,,,,,,,月火水木金土日,00:00,24:00,365日24時間使用可;庁舎に職員がいれば使用可能であるが、災害出動、業務都合等で職員全員が不在となる時は、庁舎を施錠するため使用不可。,,,,,,,,玉島地区,
332160,241,岡山県倉敷市,玉島消防署　西出張所,タマシマショウボウショ　ニシシュッチョウジョ,,332160,,岡山県浅口市金光町占見新田787-1,岡山県,浅口市,金光町占見新田,787-1,,34.542018,133.627041,,,1階事務所南東角,(0865)42-2964,,,,,,,,月火水木金土日,00:00,24:00,365日24時間使用可;庁舎に職員がいれば使用可能であるが、災害出動、業務都合等で職員全員が不在となる時は、庁舎を施錠するため使用不可。,,,,,,,,玉島地区,
332020,242,岡山県倉敷市,倉敷市立玉島図書館,クラシキシリツタマシマトショカン,,332020,,岡山県倉敷市玉島1-2-37,岡山県,倉敷市,玉島,1-2-37,,34.545215,133.674391,,,事務室,(086)526-6011,,,,,,,,,,,休館日は、月曜日（第1月曜日を除く）、毎月最終金曜日（8月・12月を除く）、年末年始12月29日から1月4日まで、特別整理休館（14日以内）;開館時間は、月〜土曜日は9:00〜19:00、日曜・祝日は10:00〜18:00,,,,,,,,玉島地区,使用希望時間帯が開所時間帯と重なる場合のみ使用可
332020,243,岡山県倉敷市,ふなおワイナリー有限会社（倉敷市農産物処理加工施設）,フナオワイナリーユウゲンガイシャ（クラシキシノウサンブツショリカコウシセツ）,,332020,,岡山県倉敷市船穂町水江611-2,岡山県,倉敷市,船穂町水江,611-2,,34.602934,133.720120,,,営業ホール,(086)552-9789,,,,,,,,,,,年末年始12月29日から1月3日まで休み,,,,,,,,船穂地区,
332020,244,岡山県倉敷市,倉敷市真備健康福祉館（まびいきいきプラザ）_事務所,クラシキシマビケンコウフクシカン（マビイキイキプラザ）_ジムショ,,332020,,岡山県倉敷市真備町川辺2271,岡山県,倉敷市,真備町川辺,2271,,34.631922,133.713687,,,正面玄関横事務所受付カウンター,(086)698-1555,,,,,,,,,,,年末年始（12月29日から1月3日まで）休業;土曜日・日曜日・祝日は9時〜18時のみ利用可能;祝日の翌日休業,,,,,,,,真備地区,
332020,245,岡山県倉敷市,真備児童館,マビジドウカン,,332020,,岡山県倉敷市真備町有井1556-2,岡山県,倉敷市,真備町有井,1556-2,,34.633284,133.700210,,,玄関（左手）,(086)697-0831,,,,,,,,,,,休館日は、月曜日（夏休み期間中は日曜日）、祝日（5月5日を除く）、年末年始（12月29日から1月3日まで）;月曜が休日の場合は、その翌日は休館,,,,,,,,真備地区,
332020,246,岡山県倉敷市,船穂武道館,フナオブドウカン,,332020,,岡山県倉敷市船穂町船穂2897-2,岡山県,倉敷市,船穂町船穂,2897-2,,34.585581,133.707067,,,武道館入口左側,(086)552-5172,,,,,,,,,,,年末年始12月28日から1月4日まで休業,,,,,,,,船穂地区,
332020,247,岡山県倉敷市,玉島消防署　真備分署,タマシマショウボウショ　マビブンショ,,332020,,岡山県倉敷市真備町有井1930-3,岡山県,倉敷市,真備町有井,1930-3,,34.630624,133.701856,,,1階事務所南東角,(086)698-2121,,,,,,,,月火水木金土日,00:00,24:00,365日24時間使用可;庁舎に職員がいれば使用可能であるが、災害出動、業務都合等で職員全員が不在となる時は、庁舎を施錠するため使用不可。,,,,,,,,真備地区,
332020,248,岡山県倉敷市,あちてらす倉敷市民交流施設「あちてらすぽっと」,アチテラスクラシキシミンコウリュウシセツ「アチテラスポット」,,332020,,岡山県倉敷市阿知3-13-1,岡山県,倉敷市,阿知,3-13-1,,34.598638,133.767050,,,南棟2階,(086)451-4188,,,,,,,,,,,年末年始12月29日から1月3日まで休館,,,,,,,,倉敷地区,
332020,249,岡山県倉敷市,倉敷市市営あちてらす倉敷駐車場,クラシキシシエイアチテラスクラシキチュウシャジョウ,,332020,,岡山県倉敷市阿知3-13-1,岡山県,倉敷市,阿知,3-13-1,,34.598638,133.767050,,,1階駐車場管理事務所東側外壁面,(086)697-6106,,,,,,,,月火水木金土日,00:00,24:00,365日24時間使用可,,,,,,,,倉敷地区,
332020,250,岡山県倉敷市,種松山公園（管理事務所）,タネマツヤマコウエン（カンリジムショ）,,332020,,岡山県倉敷市福田町福田426-1,岡山県,倉敷市,福田町福田,426-1,,34.541494,133.785781,,,種松山公園管理事務所,(086)426-0200,,,,,,,,,,,年末年始12月29日から1月5日の間は9時～10時と15時～16時以外は休業,,,,,,,,水島地区,
332020,251,岡山県倉敷市,倉敷市児島産業振興センター,クラシキシコジマサンギョウシンコウセンター,,332020,,岡山県倉敷市児島駅前1-37,岡山県,倉敷市,児島駅前,1-37,,34.462875,133.805081,,,倉敷市児島産業振興センター1階ロビーの西側出入口,(086)441-5123,,,,,,,,,,,年末年始12月28日〜1月3日まで休館;休館日の火曜は9時〜17時まで可能;火曜が祝日の場合、翌日が休館日,,,,,,,,児島地区,
332020,252,岡山県倉敷市,倉敷ファッションセンター,クラシキファッションセンター,,332020,,岡山県倉敷市児島駅前1-46,岡山県,倉敷市,児島駅前,1-46,,34.463821,133.804652,,,倉敷ファッションセンター1階ロビーの南側出入口,(086)474-6800,,,,,,,,,,,年末年始12月28日〜1月3日まで休館,,,,,,,,児島地区,
332020,253,岡山県倉敷市,倉敷市自然の家,クラシキシシゼンノイエ,,332020,,岡山県倉敷市児島由加2708,岡山県,倉敷市,児島由加,2708,,34.502204,133.852816,,,事務所,(086)477-5100,,,,,,,,,,,休館日は、原則として12月28日〜1月4日;所内整備などのため臨時で休館することがあります。,,,,,,,,児島地区,
332020,254,岡山県倉敷市,マービーふれあいセンター,マービーフレアイセンター,,332020,,岡山県倉敷市真備町箭田40-1,岡山県,倉敷市,真備町箭田,40-1,,34.633190,133.699198,,,1階事務室,(086)698-9111,,,,,,,,,,,年末年始12月29日から1月3日まで休業;水曜日が祝日の場合は開館とし、翌平日が閉館,,,,,,,,真備地区,
332020,255,岡山県倉敷市,真備柔剣道場,マビジュウケンドウジョウ,,332020,,岡山県倉敷市真備箭田1770-1,岡山県,倉敷市,真備箭田,1770-1,,34.628503,133.688152,,,柔剣道場管理室,(086)426-3855,,,,,,,,,,,年末年始12月28日から1月4日まで休業,,,,,,,,真備地区,
332020,256,岡山県倉敷市,倉敷市立川辺小学校,クラシキシリツカワベショウガッコウ,,332020,,岡山県倉敷市真備町川辺720,岡山県,倉敷市,真備町川辺,720,,34.639599,133.721995,,,体育館玄関右側の壁の収納ボックス,(086)698-0315,,,,,,,,月火水木金土日,00:00,24:00,365日24時間使用可,,,,,,,,真備地区,
332020,257,岡山県倉敷市,倉敷市箭田小学校,クラシキシヤタショウガッコウ,,332020,,岡山県倉敷市真備町箭田4110,岡山県,倉敷市,真備町箭田,4110,,34.626795,133.685464,,,体育館玄関の外側の壁の収納ボックス,(086)698-0037,,,,,,,,月火水木金土日,00:00,24:00,365日24時間使用可,,,,,,,,真備地区,
332020,258,岡山県倉敷市,倉敷市立真備中学校,クラシキシリツマビチュウガッコウ,,332020,,岡山県倉敷市真備町箭田1058,岡山県,倉敷市,真備町箭田,1058,,34.626858,133.694209,,,武道場入口ドアの収納ボックス,(086)698-1151,,,,,,,,月火水木金土日,00:00,24:00,365日24時間使用可,,,,,,,,真備地区,
332020,259,岡山県倉敷市,倉敷市立真備陵南高等学校,クラシキシリツマビミリョウナンコウトウガッコウ,,332020,,岡山県倉敷市真備町箭田1769-1,岡山県,倉敷市,真備町箭田,1769-1,,34.628022,133.688885,,,正面玄関外東側の外壁の収納ボックス,(086)698-1171,,,,,,,,月火水木金土日,00:00,24:00,365日24時間使用可,,,,,,,,真備地区,
332020,260,岡山県倉敷市,倉敷市真備公民館服部分館,クラシキシマビコウミンカンハットリブンカン,,332020,,岡山県倉敷市真備町服部1112-3,岡山県,倉敷市,真備町服部,1112-3,,34.618614,133.673544,,,玄関,(086)698-0042,,,,,,,,,,,年末年始12月28日〜1月4日休館日;月曜日が祝日の場合翌日も休館,,,,,,,,真備地区,使用希望時間帯が開館時間帯と重なる場合のみ使用可
332020,261,岡山県倉敷市,倉敷市真備公民館呉妹分館,クラシキシマビコウミンカンクレセブンカン,,332020,,岡山県倉敷市真備町尾崎2376-1,岡山県,倉敷市,真備町尾崎,2376-1,,34.623641,133.659607,,,玄関ロビー,(086)698-0042,,,,,,,,,,,年末年始12月28日〜1月4日休館日;月曜日が祝日の場合翌日も休館,,,,,,,,真備地区,使用希望時間帯が開館時間帯と重なる場合のみ使用可
332020,262,岡山県倉敷市,倉敷市真備公民館川辺分館,クラシキシマビコウミンカンカワベブンカン,,332020,,岡山県倉敷市真備町川辺714,岡山県,倉敷市,真備町川辺,714,,34.639474,133.722744,,,玄関ロビー,(086)698-0042,,,,,,,,,,,年末年始12月28日〜1月4日休館日;月曜日が祝日の場合翌日も休館,,,,,,,,真備地区,使用希望時間帯が開館時間帯と重なる場合のみ使用可
332020,263,岡山県倉敷市,倉敷市真備公民館岡田分館,クラシキシマビコウミンカンオカダブンカン,,332020,,岡山県倉敷市真備町岡田271,岡山県,倉敷市,真備町岡田,271,,34.646465,133.709819,,,玄関ロビー,(086)698-0042,,,,,,,,,,,年末年始12月28日〜1月4日休館日;月曜日が祝日の場合翌日も休館,,,,,,,,真備地区,使用希望時間帯が開館時間帯と重なる場合のみ使用可
332020,264,岡山県倉敷市,倉敷市真備公民館辻田分館,クラシキシマビコウミンカンツジタブンカン,,332020,,岡山県倉敷市真備町辻田947-1,岡山県,倉敷市,真備町辻田,947-1,,34.650649,133.716213,,,玄関,(086)698-0042,,,,,,,,,,,年末年始12月28日〜1月4日休館日;月曜日が祝日の場合翌日も休館,,,,,,,,真備地区,使用希望時間帯が開館時間帯と重なる場合のみ使用可
332020,265,岡山県倉敷市,倉敷市立真備図書館,クラシキシリツマビトショカン,,332020,,岡山県倉敷市真備町箭田47-1,岡山県,倉敷市,真備町箭田,47-1,,34.633258,133.698383,,,1階ブラウジングコーナー,(086)698-9393,,,,,,,,,,,休館日は、月曜日、毎月最終金曜日（8月・12月を除く）、年末年始12月29日から1月4日まで、特別整理休館（14日以内）;開館時間は、10時〜18時。ただし、木曜日は10時〜19時（木曜日が祝日の場合は、10時〜18時）。,,,,,,,,真備地区,
332020,266,岡山県倉敷市,倉敷市役所（庁舎西側分室）,クラシキシヤクショ（チョウシャニシガワブンシツ）,,332020,,岡山県倉敷市西中新田620-1,岡山県,倉敷市,西中新田,620-1,,34.584239,133.770908,,,市民活動推進課　執務室内,(086)426-3121,,,,,,,,,,,年末年始（12月29日から1月3日まで）休業;平日8時30分〜21時;土日9時〜17時,,,,,,,,倉敷地区,
332020,268,岡山県倉敷市,倉敷運動公園（事務所・貸出用）,クラシキウンドウコウエン（ジムショ・カシダシヨウ）,,332020,,岡山県倉敷市四十瀬4,岡山県,倉敷市,四十瀬,4,,34.589097,133.745235,,,野球場内管理事務所 ※7月中旬〜8月30日は酒津公園水泳場（倉敷市酒津1658-2）に設置,(086)425-0856,,,,,,,,,,,年末年始12月31日から1月3日まで休業,,,,,,,,倉敷地区,
332020,269,岡山県倉敷市,倉敷運動公園（テニス場本部室）,クラシキウンドウコウエン（テニスジョウホンブシツ）,,332020,,岡山県倉敷市四十瀬4,岡山県,倉敷市,四十瀬,4,,34.591548,133.746692,,,テニスコート本部棟2階本部室,(086)425-0856,,,,,,,,,,,年末年始12月31日から1月3日まで休業,,,,,,,,倉敷地区,
332020,270,岡山県倉敷市,中山公園（野球場）,ナカヤマコウエン（ヤキュウジョウ）,,332020,,岡山県倉敷市児島小川町2831,岡山県,倉敷市,児島小川町,2831,,34.483505,133.808869,,,野球場内ロビー,(086)472-6060,,,,,,,,,,,年末年始12月31日から1月3日まで休業,,,,,,,,児島地区,
332020,271,岡山県倉敷市,玉島の森体育館,タマシマノモリタイイクカン,,332020,,岡山県倉敷市玉島乙島8255-1,岡山県,倉敷市,玉島乙島,8255-1,,34.517920,133.680410,,,体育館内事務所,(086)526-5369,,,,,,,,,,,年末年始12月31日から1月3日まで休業,,,,,,,,玉島地区,
332020,272,岡山県倉敷市,水島緑地福田公園（テニスコート）,ミズシマリョクチフクダコウエン（テニスコート）,,332020,,岡山県倉敷市福田町古新田1027,岡山県,倉敷市,福田町古新田,1027,,34.533327,133.770982,,,テニスコート本部棟2階本部室,(086)455-1078,,,,,,,,,,,年末年始（12月31日から1月3日まで）休業,,,,,,,,水島地区,
332020,273,岡山県倉敷市,水島緑地福田公園（体育館）,ミズシマリョクチフクダコウエン（タイイクカン）,,332020,,岡山県倉敷市福田町古新田1027,岡山県,倉敷市,福田町古新田,1027,,34.533230,133.768128,,,体育館事務所,(086)455-1078,,,,,,,,,,,年末年始（12月31日から1月3日まで）休業,,,,,,,,水島地区,
332020,274,岡山県倉敷市,真備総合公園（体育館ロビー）,マビソウゴウコウエン（タイイクカンロビー）,,332020,,岡山県倉敷市真備町箭田2208-1,岡山県,倉敷市,真備町箭田,2208-1,,34.642624,133.685049,,,体育館内管理事務所,(086)698-2340,,,,,,,,,,,年末年始12月29日から1月3日まで休業,,,,,,,,真備地区,
332020,275,岡山県倉敷市,児島市民交流センター_児島図書館,コジマシミンコウリュウセンター_コジマトショカン,,332020,,岡山県倉敷市児島味野2-2-38,岡山県,倉敷市,児島味野,2-2-38,,34.467897,133.803111,,,児島図書館北口そば,(086)474-8550,,,,,,,,,,,年末年始（12月29日から1月3日まで）休業;毎月第1月曜営業/月末金曜休業/日曜祭日は17時終業,,,,,,,,児島地区,
332020,276,岡山県倉敷市,倉敷市ボートレース事業局_児島ガァ～コピア,クラシキシボートレースジギョウキョク_コジマガァ～コピア,,332020,,岡山県倉敷市児島元浜町790-1,岡山県,倉敷市,児島元浜町,790-1,,34.455206,133.809442,,,児島ガァ〜コピア,(086)472-5051,,,,,,,,,,,開館日のみ使用可能,,,,,,,,児島地区,
332020,277,岡山県倉敷市,倉敷市庄支所,クラシキシショウシショ,,332020,,岡山県倉敷市上東756,岡山県,倉敷市,上東,756,,34.643893,133.827577,,,事務所内,(086)462-1212,,,,,,,,,,,年末年始（12月29日から1月3日まで）休業;貸出用のため、貸出期間中は利用できません。,,,,,,,,庄地区,
332020,278,岡山県倉敷市,倉敷市茶屋町支所,クラシキシチャヤマチシショ,,332020,,岡山県倉敷市茶屋町2087,岡山県,倉敷市,茶屋町,2087,,34.581234,133.822593,,,1階市民係,(086)428-0001,,,,,,,,,,,年末年始（12月29日から1月3日まで）休業;貸出用のため、貸出期間中は利用できません。,,,,,,,,茶屋町地区,
332020,279,岡山県倉敷市,くらしき健康福祉プラザ_トレーニングルーム,クラシキケンコウフクシプラザ_トレーニングルーム,,332020,,岡山県倉敷市笹沖180,岡山県,倉敷市,笹沖,180,,34.572487,133.764277,,,4階トレーニングルーム,(086)434-9850,,,,,,,,,,,年末年始12月29日から1月3日まで休業;くらしき健康福祉プラザ開館であれば使用可能,,,,,,,,倉敷地区,
332020,280,岡山県倉敷市,倉敷市役所（本庁舎）保健福祉推進課,クラシキシヤクショ（ホンチョウシャ）ホケンフクシスイシンカ,,332020,,岡山県倉敷市西中新田640,岡山県,倉敷市,西中新田,640,,34.585274,133.772070,,,2階保健福祉推進課,(086)426-3303,,,,,,,,,,,年末年始（12月29日から1月3日まで）休業;貸出用のため、貸出期間中は利用できません。,,,,,,,,倉敷地区,
332020,281,岡山県倉敷市,倉敷市保健所保健課,クラシキシホケンジョホケンカ,,332020,,岡山県倉敷市笹沖170,岡山県,倉敷市,笹沖,170,,34.572262,133.764969,,,1階保健課,(086)434-9800,,,,,,,,,,,年末年始12月29日から1月3日まで休業;貸出用のため、貸出期間中は利用できません。,,,,,,,,倉敷地区,
332020,282,岡山県倉敷市,酒津公園（管理事務所）,サカヅコウエン（カンリジムショ）,,332020,,岡山県倉敷市酒津1556,岡山県,倉敷市,酒津,1556,,34.611051,133.750778,,,酒津公園管理事務所,(086)434-2251,,,,,,,,,,,祝日・年末年始12月29日から1月3日まで休業,,,,,,,,倉敷地区,
332020,283,岡山県倉敷市,倉敷市児島支所（児島保健推進室）,クラシキシコジマシショ（コジマホケンスイシンシツ）,,332020,,岡山県倉敷市児島小川町3681-3,岡山県,倉敷市,児島小川町,3681-3,,34.467211,133.813890,,,1階児島保健推進室事務所内,(086)473-4371,,,,,,,,,,,年末年始12月29日から1月3日まで休業;貸出用のため、貸出期間中は利用できません。,,,,,,,,児島地区,
332020,284,岡山県倉敷市,中山公園（事務所・貸出用）,ナカヤマコウエン（ジムショ・カシダシヨウ）,,332020,,岡山県倉敷市児島小川町2831,岡山県,倉敷市,児島小川町,2831,,34.480674,133.810193,,,体育館内管理事務所,(086)472-6060,,,,,,,,,,,年末年始12月31日から1月3日まで休業,,,,,,,,児島地区,
332020,285,岡山県倉敷市,倉敷市ボートレース事業局_競技棟,クラシキシボートレースジギョウキョク_キョウギトウ,,332020,,岡山県倉敷市児島元浜町6-3,岡山県,倉敷市,児島元浜町,6-3,,34.448641,133.809237,,,競技棟　医務室,(086)472-5051,,,,,,,,,,,開催日によって使用可能時間が変更される場合がある;レース開催日に医務室を利用する選手のみ使用可,,,,,,,,児島地区,
332020,286,岡山県倉敷市,倉敷市玉島支所（玉島保健推進室）,クラシキシタマシマシショ（タマシマホケンスイシンシツ）,,332020,,岡山県倉敷市玉島阿賀崎1-1-1,岡山県,倉敷市,玉島阿賀崎,1-1-1,,34.547778,133.673899,,,1階玉島保健推進室事務所内,(086)522-8113,,,,,,,,,,,年末年始12月29日から1月3日まで休業;貸出用のため、貸出期間中は利用できません。,,,,,,,,玉島地区,
332020,287,岡山県倉敷市,玉島の森（事務所・貸出用）,タマシマノモリ（ジムショ・カシダシヨウ）,,332020,,岡山県倉敷市玉島乙島8255-1,岡山県,倉敷市,玉島乙島,8255-1,,34.517774,133.679836,,,水泳場内管理事務所,(086)526-5369,,,,,,,,,,,年末年始12月31日から1月3日まで休業,,,,,,,,玉島地区,
332020,288,岡山県倉敷市,倉敷市水島支所（水島保健推進室）,クラシキシミズシマシショ（ミズシマホケンスイシンシツ）,,332020,,岡山県倉敷市水島北幸町1-1,岡山県,倉敷市,水島北幸町,1-1,,34.539773,133.741571,,,2階水島保健推進室事務所内,(086)446-1115,,,,,,,,,,,年末年始（12月29日から1月3日まで）休業;貸出用のため、貸出期間中は利用できません。,,,,,,,,水島地区,
332020,289,岡山県倉敷市,水島緑地福田公園（サッカー・ラグビー場本部棟）,ミズシマリョクチフクダコウエン（サッカー・ラグビージョウホンブトウ）,,332020,,岡山県倉敷市福田町古新田1027,岡山県,倉敷市,福田町古新田,1027,,34.531895,133.769745,,,本部棟1階入口通路内,(086)455-1078,,,,,,,,,,,年末年始12月31日から1月3日まで休業,,,,,,,,水島地区,
332020,290,岡山県倉敷市,倉敷市真備支所（真備保健推進室）,クラシキシマビシショ（マビホケンスイシンシツ）,,332020,,岡山県倉敷市真備町箭田1141-1,岡山県,倉敷市,真備町箭田,1141-1,,34.629042,133.691993,,,1階真備保健推進室事務所内,(086)698-5111,,,,,,,,,,,年末年始12月29日から1月3日まで休業;貸出用のため、貸出期間中は利用できません。,,,,,,,,真備地区,
332020,291,岡山県倉敷市,倉敷市船穂支所,クラシキシフナオシショ,,332020,,岡山県倉敷市船穂町船穂2897-2,岡山県,倉敷市,船穂町船穂,2897-2,,34.585581,133.707067,,,1階船穂支所事務室,(086)552-5100,,,,,,,,,,,年末年始12月29日から1月3日まで休業;貸出用のため、貸出期間中は利用できません。,,,,,,,,船穂地区,
332020,293,岡山県倉敷市,まびふれあい公園（管理事務所）,マビフレアイコウエン（カンリジムショ）,,332020,,岡山県倉敷市真備町箭田4629-1,岡山県,倉敷市,真備町箭田,4629-1,,34.622473,133.690839,,,まびふれあい公園管理事務所,(086)698-0707,,,,,,,,,,,年末年始12月31日から1月3日まで休業,,,,,,,,真備地区,
332020,294,岡山県倉敷市,倉敷市役所（本庁舎）議会事務局付近,クラシキシヤクショ（ホンチョウシャ）ギカイジムキョクフキン,,332020,,岡山県倉敷市西中新田640,岡山県,倉敷市,西中新田,640,,34.584944,133.771901,,,3階議会事務局付近,(086)426-3121,,,,,,,,,,,年末年始（12月29日から1月3日まで）休業;毎週木曜日19時まで延長,,,,,,,,倉敷地区,
332020,295,岡山県倉敷市,倉敷市役所（本庁舎）10階,クラシキシヤクショ（ホンチョウシャ）10カイ,,332020,,岡山県倉敷市西中新田640,岡山県,倉敷市,西中新田,640,,34.584683,133.772028,,,10階西側エレベーターホール付近,(086)426-3121,,,,,,,,,,,年末年始（12月29日から1月3日まで）休業;毎週木曜日19時まで延長,,,,,,,,倉敷地区,
332020,296,岡山県倉敷市,大山名人記念館,オオヤマメイジンキネンカン,,332020,,岡山県倉敷市中央1-18-1,岡山県,倉敷市,中央,1-18-1,,34.592891,133.770457,,,1階事務室,(086)434-0003,,,,,,,,,,,年末年始12月29日から1月3日まで休業,,,,,,,,倉敷地区,
332020,297,岡山県倉敷市,倉敷市ふれあいの丘公園みはらし広場,クラシキシフレアイノオカコウエンミハラシヒロバ,,332020,,岡山県倉敷市有城1248,岡山県,倉敷市,有城,1248,,34.576325,133.798142,,,みはらし広場管理事務所内,(086)454-5252,,,,,,,,,,,年末年始12月29日から1月3日まで休業;水曜日が祝日の場合は開館とし、翌平日が閉館,,,,,,,,倉敷地区,
332020,298,岡山県倉敷市,倉敷市ふれあいの丘公園交流棟,クラシキシフレアイノオカコウエンコウリュウトウ,,332020,,岡山県倉敷市有城1248,岡山県,倉敷市,有城,1248,,34.575917,133.796702,,,1階管理事務所前,(086)454-5252,,,,,,,,,,,年末年始12月29日から1月3日まで休業;水曜日が祝日の場合は開館とし、翌平日が閉館,,,,,,,,倉敷地区,
332020,299,岡山県倉敷市,倉敷市立倉敷学校給食共同調理場,クラシキシリツクラシキガッコウキュウショクキョウドウチョウリジョウ,,332020,,岡山県倉敷市有城1301-1,岡山県,倉敷市,有城,1301-1,,34.575054,133.795622,,,1階事務所入り口,(086)428-2500,,,,,,,,,,,年末年始12月29日～1月4日まで休業,,,,,,,,倉敷地区,
332020,300,岡山県倉敷市,倉敷西部クリーンセンター,クラシキセイブクリーンセンター,,332020,,岡山県倉敷市玉島乙島8255-49,岡山県,倉敷市,玉島乙島,8255-49,,34.513598,133.679665,,,工場棟2階　プラットホーム監視室内,(086)441-1754,,,,,,,,,,,年末年始12月31日から1月3日まで休業,,,,,,,,玉島地区,使用希望時間帯が開館時間帯と重なる場合のみ使用可
332020,301,岡山県倉敷市,倉敷市水島清掃工場_工場棟,クラシキシミズシマセイソウコウジョウ_コウジョウトウ,,332020,,岡山県倉敷市水島川崎通1-1-4,岡山県,倉敷市,水島川崎通,1-1-4,,34.529041,133.720300,,,工場棟2階　中央制御室,(086)448-1311,,,,,,,,,,,年末年始（12月31日から1月3日まで）休業,,,,,,,,水島地区,使用希望時間帯が勤務時間帯と重なる場合のみ
332020,302,岡山県倉敷市,倉敷市真備健康福祉館（まびいきいきプラザ）_トレーニング室,クラシキシマビケンコウフクシカン（マビイキイキプラザ）_トレーニングシツ,,332020,,岡山県倉敷市真備町川辺2271,岡山県,倉敷市,真備町川辺,2271,,34.631922,133.713687,,,トレーニング室カウンター,(086)698-1555,,,,,,,,,,,年末年始（12月29日から1月3日まで）休業;土曜日・日曜日・祝日は9時〜18時のみ利用可能;祝日の翌日休業,,,,,,,,真備地区,
