市区町村コード,No,都道府県名,市区町村名,地区,設置事業所名,住所,経度,緯度
282090,1,兵庫県,豊岡市,豊岡,太陽ケーブルテック株式会社豊岡工場,豊岡市神美台38,134.8654065,35.51316433
282090,2,兵庫県,豊岡市,豊岡,フミオ工業株式会社,豊岡市九日市上町817-14,134.8203264,35.51524031
282090,3,兵庫県,豊岡市,豊岡,生活協同組合コープこうべ,豊岡市加広町7-32,134.8167762,35.55057132
282090,4,兵庫県,豊岡市,豊岡,あだち歯科クリニック,豊岡市大手町8-5（αビル4Ｆ）,134.8148632,35.54607133
282090,5,兵庫県,豊岡市,豊岡,川嶋建設労働安全衛生協力会,豊岡市香住15-1,134.8517501,35.50936093
282090,6,兵庫県,豊岡市,豊岡,JAたじま　本店営業部,豊岡市立野町20-2,134.8255679,35.54330172
282090,7,兵庫県,豊岡市,豊岡,JAたじま　豊岡北支店,豊岡市野田161-1,134.8151527,35.55250428
282090,8,兵庫県,豊岡市,豊岡,JAたじま　豊岡南支店,豊岡市木内215,134.835863,35.52489951
282090,9,兵庫県,豊岡市,豊岡,JAたじま　港支店,豊岡市気比3570-23,134.8361335,35.64066076
282090,10,兵庫県,豊岡市,豊岡,JAたじま　豊岡介護センター,豊岡市土渕133-5,134.8205279,35.50192199
282090,11,兵庫県,豊岡市,豊岡,JAたじま　豊岡市東ﾃﾞｲｻｰﾋﾞｽｾﾝﾀｰ,豊岡市大篠岡962-2,134.8393777,35.52842876
282090,12,兵庫県,豊岡市,豊岡,JAたじま　ﾌｧｰﾏｰｽﾞﾏｰｹｯﾄ・たじまんま,豊岡市八社宮490,134.8340942,35.52437662
282090,13,兵庫県,豊岡市,豊岡,JAたじま　豊岡営農生活センター,豊岡市八社宮490-3,134.8346487,35.52399687
282090,14,兵庫県,豊岡市,豊岡,JAたじま　豊岡ショートステイ　いなほの里,豊岡市大篠岡962-2,134.8388925,35.52842854
282090,15,兵庫県,豊岡市,豊岡,トヨオカ自動車工業株式会社,豊岡市弥栄町1-51,134.8245015,35.53501978
282090,16,兵庫県,豊岡市,豊岡,㈱NTT西日本-兵庫,豊岡市昭和町5-4,134.8192553,35.53077671
282090,17,兵庫県,豊岡市,豊岡,あぼ歯科医院,豊岡市高屋968,134.8107669,35.5449312
282090,18,兵庫県,豊岡市,豊岡,但馬信用金庫　本店,豊岡市中央町17-8,134.8235882,35.54257009
282090,19,兵庫県,豊岡市,豊岡,但馬信用金庫　大開支店,豊岡市千代田町8-25,134.8176459,35.54380595
282090,20,兵庫県,豊岡市,豊岡,但馬信用金庫　豊岡南支店,豊岡市弥栄町1-23,134.8223177,35.53349894
282090,21,兵庫県,豊岡市,豊岡,但馬信用金庫　豊岡北支店,豊岡市船町334-1,134.813782,35.55457377
282090,22,兵庫県,豊岡市,豊岡,但馬信用金庫　豊岡西支店,豊岡市高屋1040-1,134.8103712,35.54329142
282090,23,兵庫県,豊岡市,豊岡,医療法人社団　金下歯科医院,豊岡市戸牧295-5,134.8088271,35.53551826
282090,24,兵庫県,豊岡市,豊岡,中村歯科クリニック,豊岡市小田井町17-10,134.8245784,35.54903651
282090,25,兵庫県,豊岡市,豊岡,西日本旅客鉄道㈱豊岡駅,豊岡市大手町3-2,134.8136406,35.54413026
282090,26,兵庫県,豊岡市,豊岡,健康増進施設　ウェルストーク豊岡,豊岡市立野町6-30,134.8278706,35.54205457
282090,27,兵庫県,豊岡市,豊岡,白菱電気設備株式会社,豊岡市中陰399-12,134.8095363,35.55090299
282090,28,兵庫県,豊岡市,豊岡,パチンコ店　ＵＦＯ豊岡店,豊岡市上佐野1417,134.8126709,35.50597753
282090,29,兵庫県,豊岡市,豊岡,ファミリーマンションＡＩＬＥ豊岡,豊岡市今森781－5,134.8247888,35.52946095
282090,30,兵庫県,豊岡市,豊岡,マリヤ医科興業株式会社,豊岡市寿町10-10,134.8156935,35.547146
282090,31,兵庫県,豊岡市,豊岡,カーブス豊岡正法寺,豊岡市正法寺635-1,134.8116133,35.54148614
282090,32,兵庫県,豊岡市,豊岡,株式会社中川工務店　豊岡本社,豊岡市幸町10-23,134.8214769,35.54874216
282090,33,兵庫県,豊岡市,豊岡,にしがき豊岡グループホーム,豊岡市若松町8-33,134.8141338,35.5496893
282090,34,兵庫県,豊岡市,豊岡,にしがき豊岡若松町ケアセンター,豊岡市若松町11-3,134.8139672,35.55033176
282090,35,兵庫県,豊岡市,豊岡,豊岡の風デイサービスセンター　ゆめゆめらいふ,豊岡市若松町7-25,134.814409,35.54977531
282090,36,兵庫県,豊岡市,豊岡,グループホーム　くりあん,豊岡市大磯町6-24,134.8259668,35.53607088
282090,37,兵庫県,豊岡市,豊岡,大豊機工株式会社,豊岡市中陰470,134.8111118,35.55035037
282090,38,兵庫県,豊岡市,豊岡,黒住歯科クリニック,豊岡市京町5-43,134.8214702,35.54097704
282090,39,兵庫県,豊岡市,豊岡,武田歯科医院,豊岡市中央町9-37,134.821739,35.54315857
282090,40,兵庫県,豊岡市,豊岡,ともえ歯科,豊岡市若松町7-11,134.8143927,35.54918258
282090,41,兵庫県,豊岡市,豊岡,やすふく歯科医院,豊岡市塩津町2-16,134.8266545,35.53419832
282090,42,兵庫県,豊岡市,豊岡,リコージャパン株式会社　豊岡事業所,豊岡市戸牧300-7,134.80835,35.53330457
282090,43,兵庫県,豊岡市,城崎,西日本旅客鉄道㈱城崎温泉駅,豊岡市城崎町今津290,134.81351,35.62431816
282090,44,兵庫県,豊岡市,城崎,特別養護老人ホーム楽々むら,豊岡市城崎町楽々浦419-1,134.8202086,35.62036198
282090,45,兵庫県,豊岡市,城崎,㈱兵庫農協共済事業社あさぎり荘,豊岡市城崎町湯島876,134.8156063,35.6272294
282090,46,兵庫県,豊岡市,城崎,JAたじま　城崎支店,豊岡市城崎町湯島77-8,134.8127995,35.62356113
282090,47,兵庫県,豊岡市,城崎,株式会社しののめ荘,豊岡市城崎町湯島757,134.8116066,35.62715471
282090,48,兵庫県,豊岡市,城崎,泉都観光株式会社,豊岡市城崎町湯島540,134.8073665,35.62526764
282090,49,兵庫県,豊岡市,城崎,但馬信用金庫　城崎支店,豊岡市城崎町湯島278,134.8107833,35.62600168
282090,50,兵庫県,豊岡市,城崎,喧噪の隠れ家　月のしずく,豊岡市城崎町湯島503-6,134.8112372,35.62787774
282090,51,兵庫県,豊岡市,竹野,JAたじま　竹野支店,豊岡市竹野町竹野1510-1,134.7580536,35.65177879
282090,52,兵庫県,豊岡市,竹野,社会福祉法人さいか　（楓の杜）,豊岡市竹野町林600,134.7478634,35.5985307
282090,53,兵庫県,豊岡市,竹野,但馬信用金庫　竹野支店,豊岡市竹野町竹野1463-1,134.7599237,35.65360923
282090,54,兵庫県,豊岡市,竹野,株式会社中川工務店安全協力会（竹野本店）,豊岡市竹野町竹野2508-1,134.7614237,35.65520722
282090,55,兵庫県,豊岡市,竹野,たけの観光協会,豊岡市竹野17-22,134.7631348,35.66121747
282090,56,兵庫県,豊岡市,竹野,株式会社奥城崎シーサイドホテル,豊岡市竹野字賀嶋4,134.7607696,35.66480882
282090,57,兵庫県,豊岡市,竹野,うちやま歯科,豊岡市竹野町竹野1569-1,134.7580195,35.65159897
282090,58,兵庫県,豊岡市,竹野,株式会社Mother　Earth（海の家メリ）,豊岡市竹野町切濱1058,134.745262,35.66016382
282090,59,兵庫県,豊岡市,日高,JAたじま　日高支店,豊岡市日高町宵田234-1,134.7743075,35.46821253
282090,60,兵庫県,豊岡市,日高,JAたじま　日高西支店,豊岡市日高町十戸335-1,134.7190224,35.47269014
282090,61,兵庫県,豊岡市,日高,JAたじま　日高営農生活センター,豊岡市日高町宵田234-1,134.7744909,35.46850932
282090,62,兵庫県,豊岡市,日高,古田歯科医院,豊岡市日高町国分寺400-10,134.775078,35.47009082
282090,63,兵庫県,豊岡市,日高,ブルーリッジホテル,豊岡市日高町栗栖野55,134.6723932,35.49694411
282090,64,兵庫県,豊岡市,日高,（社）兵庫県社会福祉事業団たじま荘,豊岡市日高町十戸455,134.7198528,35.47724446
282090,65,兵庫県,豊岡市,日高,但馬信用金庫　日高支店,豊岡市日高町江原160-3,134.7744525,35.46732264
282090,66,兵庫県,豊岡市,日高,神鋼アクテック㈱日高工場,豊岡市日高町岩中682,134.7674785,35.46598636
282090,67,兵庫県,豊岡市,日高,養護老人ホーム　ことぶき苑,豊岡市日高町祢布1304,134.7651004,35.4646723
282090,68,兵庫県,豊岡市,日高,有限会社　ファクト,豊岡市日高町知見1097,134.733969,35.43630257
282090,69,兵庫県,豊岡市,日高,グループホーム　日高愛の園,豊岡市日高町栗山661,134.7222992,35.45483802
282090,70,兵庫県,豊岡市,日高,あかまつ歯科医院,豊岡市日高町岩中643-6,134.7686598,35.46734434
282090,71,兵庫県,豊岡市,日高,由良歯科医院,豊岡市日高町夏栗488,134.7496787,35.46445985
282090,72,兵庫県,豊岡市,日高,特別養護老人ホーム　やすらぎの里ひだか,豊岡市日高町伊府707,134.7335344,35.46087688
282090,73,兵庫県,豊岡市,日高,あんず歯科クリニック,豊岡市日高町土居48,134.782318,35.48200683
282090,74,兵庫県,豊岡市,出石,出石ケーブル株式会社,豊岡市出石町日野辺1031,134.8870466,35.44766978
282090,75,兵庫県,豊岡市,出石,出石愛育園,豊岡市出石町町分559-1,134.8755086,35.46928673
282090,76,兵庫県,豊岡市,出石,特別養護老人ホーム　出石愛の園,豊岡市出石町福住1332,134.8585082,35.46803576
282090,77,兵庫県,豊岡市,出石,介護老人保健施設　出石愛の園,豊岡市出石町福住1313,134.8591088,35.46738026
282090,78,兵庫県,豊岡市,出石,JAたじま　出石支店,豊岡市出石町町分386-1,134.8702696,35.46842858
282090,79,兵庫県,豊岡市,出石,JAたじま　出石営農生活センター,豊岡市出石町町分386-1,134.8700449,35.46818733
282090,80,兵庫県,豊岡市,出石,ﾊﾟﾅｿﾆｯｸｴﾚｸﾄﾛﾆｸｽﾃﾞﾊﾞｲｽ株式会社,豊岡市出石町田多地１,134.8603174,35.49486228
282090,81,兵庫県,豊岡市,出石,但馬ティエスケイ株式会社　桐野工場,豊岡市出石町桐野1150,134.8935141,35.44876143
282090,82,兵庫県,豊岡市,出石,但馬ティエスケイ株式会社　百合工場,豊岡市出石町上村1582-2,134.8707737,35.44604948
282090,83,兵庫県,豊岡市,出石,但馬信用金庫　出石支店,豊岡市出石町柳63-1,134.871139,35.46280798
282090,84,兵庫県,豊岡市,出石,シカバレー,豊岡市出石町安良239-1,134.8523665,35.50045505
282090,85,兵庫県,豊岡市,出石,出石精和園成人寮,豊岡市出石町荒木1300,134.8509517,35.47145565
282090,86,兵庫県,豊岡市,出石,出石精和園児童寮,豊岡市出石町宮内1031,134.8691338,35.47659872
282090,87,兵庫県,豊岡市,出石,多機能型施設Raku　Raku,豊岡市出石町町分213,134.8703746,35.46897794
282090,88,兵庫県,豊岡市,但東,JAたじま　但東支店,豊岡市但東町出合108,134.947706,35.46866374
282090,89,兵庫県,豊岡市,但東,但馬信用金庫　但東支店,豊岡市但東町出合81-1,134.9477571,35.46957657
282090,90,兵庫県,豊岡市,但東,但馬信用金庫　中山支店,豊岡市但東町中山552-4,134.9963138,35.49789096
282090,91,兵庫県,豊岡市,但東,株式会社シルク温泉やまびこ,豊岡市但東町正法寺164,134.9661678,35.45784911
282090,92,兵庫県,豊岡市,但東,但東開発株式会社,豊岡市但東町出合市場9-18,134.9437879,35.45809253
